Site,File,Skew,Lat,Lon,Is1D
SAMTEX.kim420.2004,SAMTEX.kim420.2004.edi,0.02847044882726374,-25.35547777777778,20.26175,True
SAMTEX.mof112.2005,SAMTEX.mof112.2005.edi,0.028825154151291686,-21.147116666666665,24.623608333333333,True
SAMTEX.bot407.2005,SAMTEX.bot407.2005.edi,0.029291711857858917,-24.34572777777778,25.525830555555554,True
SAMTEX.kim423.2004,SAMTEX.kim423.2004.edi,0.02947406445694705,-24.994644444444447,19.834249999999997,True
SAMTEX.kim429.2004,SAMTEX.kim429.2004.edi,0.03259513906276064,-24.26992222222222,18.97036111111111,True
SAMTEX.kim314.2003-2006,SAMTEX.kim314.2003-2006.edi,0.033218478479391675,-29.463005555555554,25.394991666666666,True
SAMTEX.kim430.2004,SAMTEX.kim430.2004.edi,0.033334951148450156,-24.147144444444443,18.825083333333332,True
SAMTEX.kal019.2008,SAMTEX.kal019.2008.edi,0.03369804441092959,-22.385838888888888,25.047027777777778,True
SAMTEX.mof107.2005,SAMTEX.mof107.2005.edi,0.03494826322031007,-20.456005555555556,24.490555555555556,True
SAMTEX.kim432.2004,SAMTEX.kim432.2004.edi,0.03526955224721738,-23.91631111111111,18.546750000000003,True
SAMTEX.kim428.2004,SAMTEX.kim428.2004.edi,0.03539931759164598,-24.401588888888888,19.12491388888889,True
SAMTEX.kim413.2004,SAMTEX.kim413.2004.edi,0.03615372980700378,-26.152144444444442,21.22175,True
SAMTEX.GIB006A.2008,SAMTEX.GIB006A.2008.edi,0.03920052139982914,-24.8462,18.82702777777778,True
SAMTEX.san008.2008,SAMTEX.san008.2008.edi,0.039268917122698296,-22.128394444444446,24.176858333333335,True
SAMTEX.san006.2008,SAMTEX.san006.2008.edi,0.039313372005272886,-22.489005555555558,24.169469444444445,True
SAMTEX.bot420.2005,SAMTEX.bot420.2005.edi,0.04034749127281589,-22.293533333333336,26.767580555555554,True
SAMTEX.dmb035.2006,SAMTEX.dmb035.2006.edi,0.04148007659489066,-24.301561111111113,19.254719444444444,True
SAMTEX.kim011.2003-2006,SAMTEX.kim011.2003-2006.edi,0.042534732434094814,-29.024441666666664,24.85527777777778,True
SAMTEX.kim426.2004,SAMTEX.kim426.2004.edi,0.04302375521911589,-24.621033333333333,19.41647222222222,True
SAMTEX.k2g008.2006,SAMTEX.k2g008.2006.edi,0.043029753453956585,-22.83156111111111,22.043055555555558,True
SAMTEX.san002.2008,SAMTEX.san002.2008.edi,0.0436892061913234,-23.142588888888888,24.283969444444445,True
SAMTEX.kim431.2004,SAMTEX.kim431.2004.edi,0.04420592423291266,-24.056033333333335,18.66813888888889,True
SAMTEX.rtz416.2005,SAMTEX.rtz416.2005.edi,0.044768562103274206,-23.71545,21.102777777777778,True
SAMTEX.kim425.2004,SAMTEX.kim425.2004.edi,0.045285151540725786,-24.739894444444445,19.549719444444445,True
SAMTEX.sso107.2005,SAMTEX.sso107.2005.edi,0.04592627928870336,-22.524444444444445,26.963886111111112,True
SAMTEX.bot227.2005,SAMTEX.bot227.2005.edi,0.046709725860243835,-24.248505555555557,23.29416666666667,True
SAMTEX.san007.2008,SAMTEX.san007.2008.edi,0.04718139503093468,-22.313144444444447,24.17230277777778,True
SAMTEX.dmb033.2006,SAMTEX.dmb033.2006.edi,0.04776993774685064,-23.97853333333333,19.23311111111111,True
SAMTEX.kim427.2004,SAMTEX.kim427.2004.edi,0.04812429672097553,-24.510755555555555,19.25175,True
SAMTEX.CPV001.2006,SAMTEX.CPV001.2006.edi,0.04813802682301899,-17.859811111111114,19.136552777777776,True
SAMTEX.san003.2008,SAMTEX.san003.2008.edi,0.04818919809994435,-22.969838888888887,24.174719444444445,True
SAMTEX.mof108.2005,SAMTEX.mof108.2005.edi,0.04870667769809969,-20.618783333333333,24.415555555555553,True
SAMTEX.kim419.2004,SAMTEX.kim419.2004.edi,0.050505661613138644,-25.47853333333333,20.442305555555556,True
SAMTEX.k2g011.2006,SAMTEX.k2g011.2006.edi,0.05322060376261286,-23.217366666666663,22.371694444444444,True
SAMTEX.kal022.2008,SAMTEX.kal022.2008.edi,0.053444229113480554,-22.05583888888889,25.512108333333334,True
SAMTEX.mof114.2005,SAMTEX.mof114.2005.edi,0.05541345086195039,-21.252394444444445,24.956108333333333,True
SAMTEX.sso108.2005,SAMTEX.sso108.2005.edi,0.055628316756398434,-22.433330555555557,26.835830555555553,True
SAMTEX.kal021.2008,SAMTEX.kal021.2008.edi,0.05704552128963543,-22.175116666666668,25.345219444444442,True
SAMTEX.kal016.2008,SAMTEX.kal016.2008.edi,0.05711310192673403,-22.640394444444443,24.551358333333333,True
SAMTEX.mof111.2005,SAMTEX.mof111.2005.edi,0.05739396360958979,-21.091005555555554,24.447777777777777,True
SAMTEX.k2g009.2006,SAMTEX.k2g009.2006.edi,0.057586969335127615,-22.933200000000003,22.13288888888889,True
SAMTEX.dmb031.2006,SAMTEX.dmb031.2006.edi,0.05783397168039425,-23.634977777777777,19.121583333333334,True
SAMTEX.rtz407.2005,SAMTEX.rtz407.2005.edi,0.05942939008017599,-24.57656111111111,22.259441666666667,True
SAMTEX.bot231.2005,SAMTEX.bot231.2005.edi,0.05982093571142939,-23.670755555555555,22.741194444444446,True
SAMTEX.rtz414.2005,SAMTEX.rtz414.2005.edi,0.06002764698655234,-23.843330555555553,21.465555555555554,True
SAMTEX.kim424.2004,SAMTEX.kim424.2004.edi,0.060309990983979024,-24.83992222222222,19.68925,True
SAMTEX.mol105.2005,SAMTEX.mol105.2005.edi,0.06036458224206622,-23.860555555555557,24.86638611111111,True
SAMTEX.rtz419.2005,SAMTEX.rtz419.2005.edi,0.06054671966404462,-23.55072777777778,20.568608333333334,True
SAMTEX.kal012.2008,SAMTEX.kal012.2008.edi,0.06221994275224424,-22.510533333333335,23.836219444444442,True
SAMTEX.mof109.2005,SAMTEX.mof109.2005.edi,0.06246200258148874,-20.79322777777778,24.369441666666667,True
SAMTEX.ELZ294A.2008,SAMTEX.ELZ294A.2008.edi,0.06263496221953549,-17.711672222222223,24.511941666666665,True
SAMTEX.mof101.2005,SAMTEX.mof101.2005.edi,0.06310537622037891,-20.05295,23.479999999999997,True
SAMTEX.bot228.2005,SAMTEX.bot228.2005.edi,0.06364656513484565,-24.13992222222222,23.144805555555553,True
SAMTEX.rtz401.2005,SAMTEX.rtz401.2005.edi,0.06489474189417249,-24.236005555555558,23.245,True
SAMTEX.kof009.2004,SAMTEX.kof009.2004.edi,0.06491528136972421,-27.99888888888889,26.089719444444444,True
SAMTEX.mak006.2006,SAMTEX.mak006.2006.edi,0.06528927293772785,-20.210277777777776,25.091388888888886,True
SAMTEX.san009.2008,SAMTEX.san009.2008.edi,0.06585998078076971,-22.021838888888887,24.045580555555556,True
SAMTEX.kal023.2008,SAMTEX.kal023.2008.edi,0.06592216445351241,-21.938616666666668,25.672997222222225,True
SAMTEX.GIB010A.2008,SAMTEX.GIB010A.2008.edi,0.06626523912808009,-25.119366666666668,18.02861111111111,True
SAMTEX.kal009.2008,SAMTEX.kal009.2008.edi,0.06639797480172988,-22.367116666666668,23.238500000000002,True
SAMTEX.kal018.2008,SAMTEX.kal018.2008.edi,0.06645060737493581,-22.472116666666665,24.866469444444444,True
SAMTEX.rtz413.2005,SAMTEX.rtz413.2005.edi,0.06727844454205528,-23.939061111111112,21.6325,True
SAMTEX.RAK022A.2008,SAMTEX.RAK022A.2008.edi,0.0675895977428576,-17.737033333333333,18.406469444444443,True
SAMTEX.kim412.2004,SAMTEX.kim412.2004.edi,0.06801238091099915,-26.28658888888889,21.41952777777778,True
SAMTEX.ELZ192A.2008,SAMTEX.ELZ192A.2008.edi,0.06930942075257543,-17.67272777777778,24.29319166666667,True
SAMTEX.mof119.2005,SAMTEX.mof119.2005.edi,0.06935294056093876,-21.317394444444446,25.83360833333333,True
SAMTEX.kal024.2008,SAMTEX.kal024.2008.edi,0.07115740062380893,-21.829894444444445,25.822941666666665,True
SAMTEX.bot226.2005,SAMTEX.bot226.2005.edi,0.07332879572708575,-24.32742222222222,23.460083333333333,True
SAMTEX.zim104.2005,SAMTEX.zim104.2005.edi,0.07341955881405207,-21.934338888888888,27.325,True
SAMTEX.dmb001.2006,SAMTEX.dmb001.2006.edi,0.07363275224488113,-18.312116666666668,17.998330555555558,True
SAMTEX.zim101.2005,SAMTEX.zim101.2005.edi,0.07370793642437441,-22.46545,27.19,True
SAMTEX.mof113.2005,SAMTEX.mof113.2005.edi,0.07479126781065162,-21.17183888888889,24.788608333333336,True
SAMTEX.sso106.2005,SAMTEX.sso106.2005.edi,0.07568081701964825,-22.645274999999998,27.12,True
SAMTEX.san011.2008,SAMTEX.san011.2008.edi,0.07603397677126571,-21.6532,24.065830555555557,True
SAMTEX.rtz415.2005,SAMTEX.rtz415.2005.edi,0.07675567867708252,-23.786311111111115,21.277305555555554,True
SAMTEX.bot414.2005,SAMTEX.bot414.2005.edi,0.07682947322117421,-23.21433888888889,26.0575,True
SAMTEX.kap009.2003,SAMTEX.kap009.2003.edi,0.07749416609828158,-31.27795,21.300830555555557,True
SAMTEX.kim422.2004,SAMTEX.kim422.2004.edi,0.07788548044496396,-25.10686666666667,19.952027777777776,True
SAMTEX.rtz417.2005,SAMTEX.rtz417.2005.edi,0.07797923261341126,-23.630477777777777,20.926194444444445,True
SAMTEX.sso109.2005,SAMTEX.sso109.2005.edi,0.07835809693589839,-22.287219444444446,26.777219444444444,True
SAMTEX.san010.2008,SAMTEX.san010.2008.edi,0.07850013327317151,-21.846838888888886,23.990886111111113,True
SAMTEX.mak009.2006,SAMTEX.mak009.2006.edi,0.0785404569044738,-20.19856111111111,24.51113611111111,True
SAMTEX.dmb030.2006,SAMTEX.dmb030.2006.edi,0.07873511974036997,-23.453477777777778,19.110997222222224,True
SAMTEX.bot230.2005,SAMTEX.bot230.2005.edi,0.07898093310722816,-23.810727777777778,22.901666666666664,True
SAMTEX.oka003.2006,SAMTEX.oka003.2006.edi,0.08003040625198296,-20.182394444444444,22.463858333333334,True
SAMTEX.k2g010.2006,SAMTEX.k2g010.2006.edi,0.08045238424501577,-23.087699999999998,22.252416666666665,True
SAMTEX.RAK025A.2008,SAMTEX.RAK025A.2008.edi,0.08062139023045556,-17.833283333333334,18.940080555555557,True
SAMTEX.NEN021.2006,SAMTEX.NEN021.2006.edi,0.08227529654801355,-18.454533333333334,20.024774999999998,True
SAMTEX.bot413.2005,SAMTEX.bot413.2005.edi,0.08350837533950528,-23.35072777777778,25.863055555555558,True
SAMTEX.mof110.2005,SAMTEX.mof110.2005.edi,0.08376232161944101,-20.96795,24.363330555555557,True
SAMTEX.kal017.2008,SAMTEX.kal017.2008.edi,0.08380931554760533,-22.6447,24.75638888888889,True
SAMTEX.rtz420.2005,SAMTEX.rtz420.2005.edi,0.08382006836745187,-23.434644444444444,20.418972222222223,True
SAMTEX.RAK024A.2008,SAMTEX.RAK024A.2008.edi,0.08405069596395295,-17.834755555555553,18.76166388888889,True
SAMTEX.rtz403.2005,SAMTEX.rtz403.2005.edi,0.08600884558548849,-24.342219444444442,22.880830555555555,True
SAMTEX.mol102.2005,SAMTEX.mol102.2005.edi,0.08651169110484436,-24.247222222222224,25.276944444444442,True
SAMTEX.oka002.2006,SAMTEX.oka002.2006.edi,0.08757956842887224,-20.330783333333333,22.62063611111111,True
SAMTEX.RAK054A.2008,SAMTEX.RAK054A.2008.edi,0.08759946040765049,-17.801255555555556,24.619052777777778,True
SAMTEX.KXT005A_auto.tru.2008,SAMTEX.KXT005A_auto.tru.2008.edi,0.0883228964370274,-30.788144444444445,27.102061111111112,True
PRIDE.ZAM14B_RH_ZAM15B.2011-2012,PRIDE.ZAM14B_RH_ZAM15B.2011-2012.edi,0.08850209868550671,-16.349805555555555,22.497691666666668,True
SAMTEX.zim120.2005,SAMTEX.zim120.2005.edi,0.08920995622601001,-19.68656111111111,26.043330555555556,True
SAMTEX.kap006.2003,SAMTEX.kap006.2003.edi,0.08986447204760817,-31.672394444444446,20.921108333333333,True
SAMTEX.CPV002.2006,SAMTEX.CPV002.2006.edi,0.08993405728364634,-17.878144444444445,19.337302777777776,True
SAMTEX.bot410.2005,SAMTEX.bot410.2005.edi,0.08999017885741255,-23.853505555555557,25.695555555555554,True
SAMTEX.kof008.2004,SAMTEX.kof008.2004.edi,0.09017967568429822,-28.104166666666668,25.966666666666665,True
SAMTEX.kof006.2004,SAMTEX.kof006.2004.edi,0.09118165834601442,-28.37638888888889,25.650555555555552,True
SAMTEX.kof007.2004,SAMTEX.kof007.2004.edi,0.09180523962440597,-28.27545,25.809166666666666,True
SAMTEX.wita42.2005,SAMTEX.wita42.2005.edi,0.09194340928978888,-27.019366666666667,27.677583333333335,True
SAMTEX.rtz424.2005,SAMTEX.rtz424.2005.edi,0.0921117093019792,-22.761311111111112,20.217858333333332,True
SAMTEX.dmb102A.2006,SAMTEX.dmb102A.2006.edi,0.09240429981515728,-18.012866666666667,18.000080555555556,True
SAMTEX.kim020.2003-2006,SAMTEX.kim020.2003-2006.edi,0.09254686972488313,-30.079366666666665,26.169530555555557,True
SAMTEX.k2g013.2006,SAMTEX.k2g013.2006.edi,0.09321454793764788,-23.499505555555558,22.604861111111113,True
SAMTEX.GIB004A.2008,SAMTEX.GIB004A.2008.edi,0.09327201084031336,-24.72545,19.24286111111111,True
SAMTEX.k2g007.2006,SAMTEX.k2g007.2006.edi,0.09340174396738875,-22.634866666666667,21.92005277777778,True
SAMTEX.mak010.2006,SAMTEX.mak010.2006.edi,0.09346379540288799,-20.18783888888889,24.34230277777778,True
SAMTEX.oka006.2006,SAMTEX.oka006.2006.edi,0.09559368236107224,-19.7157,22.193136111111112,True
SAMTEX.CPV029.2006,SAMTEX.CPV029.2006.edi,0.09572851052103369,-17.638394444444444,24.212552777777777,True
SAMTEX.mol107.2005,SAMTEX.mol107.2005.edi,0.09794910166489476,-23.566666666666666,24.721944444444443,True
SAMTEX.rtz418.2005,SAMTEX.rtz418.2005.edi,0.09817630534624415,-23.531941666666665,20.765,True
SAMTEX.kal020.2008,SAMTEX.kal020.2008.edi,0.09847721752035665,-22.27667222222222,25.204580555555555,True
PRIDE.ZAM31B_RH_ZAM39B.2011-2012,PRIDE.ZAM31B_RH_ZAM39B.2011-2012.edi,0.09912103387738644,-14.966080555555555,24.319666666666667,True
SAMTEX.mol101.2005,SAMTEX.mol101.2005.edi,0.09983936897690289,-24.353608333333334,25.42638888888889,True
SAMTEX.bot408.2005,SAMTEX.bot408.2005.edi,0.10099431289366675,-24.170450000000002,25.603608333333334,True
SAMTEX.RAK019A.2008,SAMTEX.RAK019A.2008.edi,0.10104011177077361,-17.614394444444446,17.78946666666667,True
SAMTEX.san012.2008,SAMTEX.san012.2008.edi,0.10120898433243421,-21.460366666666665,24.14474722222222,True
SAMTEX.bot406.2005,SAMTEX.bot406.2005.edi,0.10172308256633542,-24.523533333333333,25.51897222222222,True
SAMTEX.kim435.2004,SAMTEX.kim435.2004.edi,0.10220020302855837,-23.59381111111111,18.124805555555557,True
SAMTEX.wita40.2005,SAMTEX.wita40.2005.edi,0.10260970859942066,-27.02242222222222,27.60814166666667,True
SAMTEX.k2g006.2006,SAMTEX.k2g006.2006.edi,0.10371614997340065,-22.53017222222222,21.833108333333332,True
SAMTEX.k2g012.2006,SAMTEX.k2g012.2006.edi,0.1051326995022539,-23.36008888888889,22.488666666666667,True
SAMTEX.mak002.2006,SAMTEX.mak002.2006.edi,0.105516470199454,-20.15608888888889,25.842552777777776,True
SAMTEX.kof005.2004,SAMTEX.kof005.2004.edi,0.1077381130397271,-28.54888888888889,25.55027777777778,True
SAMTEX.ELZ291A.2008,SAMTEX.ELZ291A.2008.edi,0.10830420659431364,-17.723783333333333,23.930275,True
SAMTEX.k2g003.2006,SAMTEX.k2g003.2006.edi,0.10838045248832895,-22.02608888888889,21.53738611111111,True
SAMTEX.mof117.2005,SAMTEX.mof117.2005.edi,0.10847402505768161,-21.315727777777777,25.456666666666667,True
PRIDE.ZAM01B_RH_ZAM03B.2011-2012,PRIDE.ZAM01B_RH_ZAM03B.2011-2012.edi,0.10862540016863416,-17.447219444444446,24.21527777777778,True
SAMTEX.zim119.2005,SAMTEX.zim119.2005.edi,0.1086564994512211,-19.884061111111112,26.139719444444445,True
SAMTEX.bot411.2005,SAMTEX.bot411.2005.edi,0.11009530229992211,-23.67322777777778,25.761666666666667,True
SAMTEX.CPV005.2006,SAMTEX.CPV005.2006.edi,0.11042614542587828,-17.923450000000003,19.938525,True
SAMTEX.kap020.2003,SAMTEX.kap020.2003.edi,0.11056217285066043,-29.804616666666668,22.855,True
SAMTEX.kap013.2003,SAMTEX.kap013.2003.edi,0.11153292225886481,-30.73444166666667,21.89110833333333,True
SAMTEX.mof115.2005,SAMTEX.mof115.2005.edi,0.11177555122863768,-21.287950000000002,25.1375,True
SAMTEX.bota13.2005,SAMTEX.bota13.2005.edi,0.11198455868387296,-25.59378333333333,25.565830555555557,True
SAMTEX.zim128.2005,SAMTEX.zim128.2005.edi,0.11323919447616561,-18.41933888888889,25.524441666666664,True
SAMTEX.rtz207.2005,SAMTEX.rtz207.2005.edi,0.11349124365932542,-25.39378333333333,24.463330555555554,True
SAMTEX.mof125.2005,SAMTEX.mof125.2005.edi,0.11351956155665702,-21.085449999999998,26.913888888888888,True
SAMTEX.dmb004.2006,SAMTEX.dmb004.2006.edi,0.11361372063788484,-18.832116666666668,18.093774999999997,True
SAMTEX.mol108.2005,SAMTEX.mol108.2005.edi,0.11385598359788439,-23.405555555555555,24.666663888888888,True
SAMTEX.botb13.2005,SAMTEX.botb13.2005.edi,0.11393177347559227,-25.41933888888889,25.604166666666668,True
SAMTEX.zim130.2005,SAMTEX.zim130.2005.edi,0.11448312059729987,-18.085727777777777,25.295,True
SAMTEX.mof118.2005,SAMTEX.mof118.2005.edi,0.11609747786664731,-21.315450000000002,25.642219444444443,True
SAMTEX.kal001.2008,SAMTEX.kal001.2008.edi,0.11671232010562493,-21.99445,21.751719444444443,True
SAMTEX.kap018.2003,SAMTEX.kap018.2003.edi,0.11719798978861613,-30.084338888888887,22.57138888888889,True
SAMTEX.mof106.2005,SAMTEX.mof106.2005.edi,0.11867366744883166,-20.361283333333336,24.317777777777778,True
SAMTEX.NEN023.2006,SAMTEX.NEN023.2006.edi,0.11875970761681721,-18.10036666666667,19.952441666666665,True
SAMTEX.sso110.2005,SAMTEX.sso110.2005.edi,0.11988786701276544,-22.183888888888887,26.646666666666665,True
SAMTEX.rtz411.2005,SAMTEX.rtz411.2005.edi,0.12089280535184975,-24.212777777777777,21.8475,True
SAMTEX.kim436.2004,SAMTEX.kim436.2004.edi,0.12103319181926024,-23.45381111111111,17.959527777777776,True
SAMTEX.zim109.2005,SAMTEX.zim109.2005.edi,0.12126768850922427,-21.04961666666667,27.383888888888887,True
SAMTEX.k2g005.2006,SAMTEX.k2g005.2006.edi,0.12177365548522355,-22.388116666666665,21.718552777777777,True
SAMTEX.win020.2006,SAMTEX.win020.2006.edi,0.12252044166225616,-22.1782,20.377358333333333,True
SAMTEX.win016.2006,SAMTEX.win016.2006.edi,0.12283362771360982,-22.126672222222222,20.77813611111111,True
SAMTEX.zim127.2005,SAMTEX.zim127.2005.edi,0.12295015627723237,-18.558783333333334,25.618055555555557,True
SAMTEX.bot222.2005,SAMTEX.bot222.2005.edi,0.12375527403519304,-24.569366666666667,24.29202777777778,True
SAMTEX.win024.2006,SAMTEX.win024.2006.edi,0.12391669757246326,-22.310644444444446,19.69088888888889,True
SAMTEX.mak003.2006,SAMTEX.mak003.2006.edi,0.1241325945684416,-20.130116666666666,25.643719444444443,True
SAMTEX.mof105.2005,SAMTEX.mof105.2005.edi,0.12445774973512061,-20.252116666666666,24.206108333333333,True
SAMTEX.kap010.2003,SAMTEX.kap010.2003.edi,0.12458285855662408,-31.147949999999998,21.466941666666663,True
SAMTEX.mol104.2005,SAMTEX.mol104.2005.edi,0.124738818240956,-24.006663888888887,24.98638888888889,True
SAMTEX.kim418.2004,SAMTEX.kim418.2004.edi,0.12479856723741671,-25.560200000000002,20.56925,True
SAMTEX.win018.2006,SAMTEX.win018.2006.edi,0.12564453252481647,-22.119366666666668,21.162191666666665,True
SAMTEX.CPV008.2006,SAMTEX.CPV008.2006.edi,0.12620195805234652,-17.97795,20.446830555555557,True
SAMTEX.mof102.2005,SAMTEX.mof102.2005.edi,0.1274818142121939,-20.14545,23.648888888888887,True
SAMTEX.oka004.2006,SAMTEX.oka004.2006.edi,0.1275949712477062,-20.04833055555556,22.315830555555557,True
SAMTEX.k2g014.2006,SAMTEX.k2g014.2006.edi,0.1286427377068206,-23.649144444444445,22.719749999999998,True
SAMTEX.kim215.2003-2006,SAMTEX.kim215.2003-2006.edi,0.12869022238349287,-29.57016388888889,25.515238888888888,True
PRIDE.ZAM001A_RH_ZAM00.2011-2012,PRIDE.ZAM001A_RH_ZAM00.2011-2012.edi,0.13013872385950237,-17.382805555555557,24.648191666666666,True
SAMTEX.CPV003.2006,SAMTEX.CPV003.2006.edi,0.13229315001350533,-17.892894444444444,19.509383333333332,True
SAMTEX.ETO012A.2008,SAMTEX.ETO012A.2008.edi,0.13249657470861564,-20.15478333333333,15.070691666666667,True
SAMTEX.dmb032.2006,SAMTEX.dmb032.2006.edi,0.13307798127502818,-23.788505555555556,19.231388888888887,True
SAMTEX.kim421.2004,SAMTEX.kim421.2004.edi,0.1331452080881487,-25.217699999999997,20.152027777777775,True
SAMTEX.kap034.2003,SAMTEX.kap034.2003.edi,0.13436414193115673,-27.85683888888889,24.684166666666666,True
SAMTEX.kim009_H.2003-2006,SAMTEX.kim009_H.2003-2006.edi,0.1351930328817497,-28.734061111111114,24.5125,True
SAMTEX.rtz202.2005,SAMTEX.rtz202.2005.edi,0.13545674814466452,-25.290000000000003,25.35333055555556,True
PRIDE.ZAM34B_RH_ZAM40B.2011-2012,PRIDE.ZAM34B_RH_ZAM40B.2011-2012.edi,0.1367845374221247,-14.710691666666666,24.553055555555556,True
SAMTEX.kap012.2003,SAMTEX.kap012.2003.edi,0.1380222054896833,-30.86822777777778,21.743055555555557,True
SAMTEX.wita38.2005,SAMTEX.wita38.2005.edi,0.13810841520736547,-27.029644444444443,27.54814166666667,True
SAMTEX.kap024.2003,SAMTEX.kap024.2003.edi,0.13810878966636744,-29.234894444444446,23.37,True
SAMTEX.wita48.2005,SAMTEX.wita48.2005.edi,0.1391218844230191,-26.98742222222222,27.880916666666668,True
SAMTEX.bot412.2005,SAMTEX.bot412.2005.edi,0.13914330781072193,-23.509616666666666,25.773888888888887,True
SAMTEX.mof127.2005,SAMTEX.mof127.2005.edi,0.14019788486674353,-21.093505555555556,27.2875,True
SAMTEX.oka008.2006,SAMTEX.oka008.2006.edi,0.14030785057804396,-19.38136666666667,22.156441666666666,True
SAMTEX.kal014.2008,SAMTEX.kal014.2008.edi,0.14069402022650424,-22.640866666666668,24.168277777777778,True
SAMTEX.GIB018a.true.2008,SAMTEX.GIB018a.true.2008.edi,0.141092977330063,-25.391644444444445,16.37211111111111,True
SAMTEX.zim126.2005,SAMTEX.zim126.2005.edi,0.14116899473585057,-18.728783333333332,25.60194166666667,True
SAMTEX.CPV027.2006,SAMTEX.CPV027.2006.edi,0.14131651808951648,-17.710283333333333,23.860691666666668,True
SAMTEX.dmb101A.2006,SAMTEX.dmb101A.2006.edi,0.14153317773235022,-17.842616666666665,18.000855555555557,True
SAMTEX.kap042.2003,SAMTEX.kap042.2003.edi,0.14259161100950277,-26.768505555555553,25.72,True
SAMTEX.dmb029.2006,SAMTEX.dmb029.2006.edi,0.14277289010430336,-23.283255555555556,19.018219444444444,True
SAMTEX.kap023.2003,SAMTEX.kap023.2003.edi,0.1433298747403871,-29.362672222222223,23.235277777777778,True
SAMTEX.kap017.2003,SAMTEX.kap017.2003.edi,0.14346825571647945,-30.21878333333333,22.413888888888888,True
SAMTEX.san001.2008,SAMTEX.san001.2008.edi,0.14366366403148578,-23.317616666666666,24.43797222222222,True
SAMTEX.RAK011A.2008,SAMTEX.RAK011A.2008.edi,0.14439653728150784,-17.514644444444443,16.165633333333332,True
SAMTEX.mof120.2005,SAMTEX.mof120.2005.edi,0.14567663868824213,-21.323505555555556,26.025,True
SAMTEX.win004.2006,SAMTEX.win004.2006.edi,0.14577328876826204,-20.345644444444442,22.965497222222222,True
PRIDE.ZAM21B_RH_ZAM20B.2011-2012,PRIDE.ZAM21B_RH_ZAM20B.2011-2012.edi,0.1465850622864999,-16.00713888888889,23.336277777777777,True
PRIDE.ZAM011A_RH_ZAM00.2011-2012,PRIDE.ZAM011A_RH_ZAM00.2011-2012.edi,0.14669564023314985,-15.83025,24.99688888888889,True
SAMTEX.ETO013A.2008,SAMTEX.ETO013A.2008.edi,0.14680898075650176,-19.98056111111111,14.975219444444445,True
SAMTEX.bot205.2005,SAMTEX.bot205.2005.edi,0.14743087985279132,-26.57795,26.818608333333334,True
SAMTEX.kim016.2003-2006,SAMTEX.kim016.2003-2006.edi,0.14827860119234262,-29.64433888888889,25.616388888888892,True
SAMTEX.kim411.2004,SAMTEX.kim411.2004.edi,0.1484355516524298,-26.381033333333335,21.563694444444444,True
SAMTEX.kap060.2003,SAMTEX.kap060.2003.edi,0.148547379737916,-24.234061111111114,28.006108333333334,True
SAMTEX.dmb017.2006,SAMTEX.dmb017.2006.edi,0.14865105320295927,-21.19183888888889,18.524441666666664,True
SAMTEX.KXT003A_auto.tru.2008,SAMTEX.KXT003A_auto.tru.2008.edi,0.14932337427208664,-30.537755555555556,26.787669444444447,True
SAMTEX.mak008.2006,SAMTEX.mak008.2006.edi,0.15012082642241778,-20.24472777777778,24.70838611111111,True
SAMTEX.kap003.2003,SAMTEX.kap003.2003.edi,0.15024650767264086,-32.13933888888889,20.467499999999998,True
SAMTEX.kap005.2003,SAMTEX.kap005.2003.edi,0.1510264825233198,-31.83156111111111,20.7775,True
SAMTEX.dmb010.2006,SAMTEX.dmb010.2006.edi,0.1510779682487587,-19.88045,18.304441666666666,True
SAMTEX.wita16.2004,SAMTEX.wita16.2004.edi,0.1511578929022075,-27.060755555555556,26.830083333333334,True
SAMTEX.sso102.2005,SAMTEX.sso102.2005.edi,0.15161071536390458,-22.87166388888889,27.781941666666665,True
SAMTEX.kap068.2003,SAMTEX.kap068.2003.edi,0.15194235099391765,-23.174441666666667,28.948055555555555,True
SAMTEX.kap067.2003,SAMTEX.kap067.2003.edi,0.15194239718234395,-23.174441666666667,28.948055555555555,True
SAMTEX.win013.2006,SAMTEX.win013.2006.edi,0.15238365316289437,-21.571727777777777,21.822441666666666,True
SAMTEX.k2g004.2006,SAMTEX.k2g004.2006.edi,0.15259882697397234,-22.18506111111111,21.595913888888887,True
SAMTEX.bot229.2005,SAMTEX.bot229.2005.edi,0.15271498002839562,-23.965477777777778,22.998416666666667,True
SAMTEX.kal010.2008,SAMTEX.kal010.2008.edi,0.15315800418008296,-22.370144444444445,23.43588888888889,True
SAMTEX.rtz409.2005,SAMTEX.rtz409.2005.edi,0.153920157633925,-24.57158888888889,21.90647222222222,True
SAMTEX.sso115.2005,SAMTEX.sso115.2005.edi,0.15397820493722242,-21.739719444444447,25.924997222222224,True
SAMTEX.kap074.2003,SAMTEX.kap074.2003.edi,0.1550151917650475,-22.309894444444446,29.718055555555555,True
SAMTEX.RAK017A.2008,SAMTEX.RAK017A.2008.edi,0.15564603039094393,-17.616255555555558,17.390302777777777,True
SAMTEX.CPV025.2006,SAMTEX.CPV025.2006.edi,0.1556565230313447,-17.76245,23.462941666666666,True
SAMTEX.kal011.2008,SAMTEX.kal011.2008.edi,0.1565526874070062,-22.372311111111113,23.639913888888888,True
SAMTEX.bot416.2005,SAMTEX.bot416.2005.edi,0.15690118625424757,-22.966005555555554,26.37638888888889,True
SAMTEX.GIB014A.2008,SAMTEX.GIB014A.2008.edi,0.15883088307501564,-25.13845,17.182083333333335,True
SAMTEX.zim102.2005,SAMTEX.zim102.2005.edi,0.15889169034976983,-22.24295,27.256666666666668,True
PRIDE.ZAM009A_RH_ZAM01.2011-2012,PRIDE.ZAM009A_RH_ZAM01.2011-2012.edi,0.1614442938706959,-16.185,25.037358333333334,True
SAMTEX.KXT004A_auto.tru.2008,SAMTEX.KXT004A_auto.tru.2008.edi,0.16240394881518502,-30.681283333333333,26.94469722222222,True
SAMTEX.kal007.2008,SAMTEX.kal007.2008.edi,0.16284460658869832,-22.275866666666666,22.86966388888889,True
SAMTEX.LOW006B_auto.tru.2008,SAMTEX.LOW006B_auto.tru.2008.edi,0.1630055326209186,-23.20331111111111,30.302305555555556,True
SAMTEX.zim108.2005,SAMTEX.zim108.2005.edi,0.16364071230146052,-21.24545,27.506108333333334,True
SAMTEX.mak004.2006,SAMTEX.mak004.2006.edi,0.16378200900781487,-20.15731111111111,25.458413888888888,True
SAMTEX.KXT002A_auto.tru.2008,SAMTEX.KXT002A_auto.tru.2008.edi,0.1638504527859684,-30.435644444444446,26.61628055555556,True
SAMTEX.ETO018A.2008,SAMTEX.ETO018A.2008.edi,0.16399292300180882,-19.17058888888889,14.381691666666667,True
SAMTEX.bot415.2005,SAMTEX.bot415.2005.edi,0.16513119805605336,-23.139366666666668,26.244247222222224,True
SAMTEX.NEN020.2006,SAMTEX.NEN020.2006.edi,0.16684007555907376,-18.608394444444446,20.077275,True
SAMTEX.san014.2008,SAMTEX.san014.2008.edi,0.1696876788519142,-21.097366666666666,24.181941666666667,True
SAMTEX.mof104.2005,SAMTEX.mof104.2005.edi,0.16995122903794607,-20.179616666666668,24.029999999999998,True
SAMTEX.KXT008A_auto.tru.2008,SAMTEX.KXT008A_auto.tru.2008.edi,0.17057999712247576,-31.175422222222224,27.575033333333334,True
SAMTEX.dmb008.2006,SAMTEX.dmb008.2006.edi,0.17122149090432298,-19.569616666666665,18.14527777777778,True
SAMTEX.bot218.2005,SAMTEX.bot218.2005.edi,0.17217397736235407,-24.79322777777778,24.995,True
SAMTEX.dmb022.2006,SAMTEX.dmb022.2006.edi,0.17237689503300546,-22.02045,18.834163888888888,True
SAMTEX.rtzf01.2005,SAMTEX.rtzf01.2005.edi,0.17237733026205895,-23.96631111111111,21.72675,True
SAMTEX.sso117.2005,SAMTEX.sso117.2005.edi,0.17276910331375125,-21.548055555555557,25.657497222222222,True
SAMTEX.wita18.2004,SAMTEX.wita18.2004.edi,0.17335144355844645,-27.05908888888889,26.886475,True
SAMTEX.win003.2006,SAMTEX.win003.2006.edi,0.17455376069326178,-20.256922222222222,23.140774999999998,True
SAMTEX.win037.2006,SAMTEX.win037.2006.edi,0.17466746750751724,-22.53183888888889,17.201666666666664,True
SAMTEX.dmb014.2006,SAMTEX.dmb014.2006.edi,0.17510895393185139,-20.601144444444447,18.372636111111113,True
PRIDE.ZAM16B_RH_ZAM15B.2011-2012,PRIDE.ZAM16B_RH_ZAM15B.2011-2012.edi,0.1781281226760739,-16.38660833333333,22.868277777777777,True
SAMTEX.NEN003.2006,SAMTEX.NEN003.2006.edi,0.17855553030470853,-21.63206111111111,20.853275,True
SAMTEX.zim125.2005,SAMTEX.zim125.2005.edi,0.17878845443775615,-18.89545,25.624441666666666,True
SAMTEX.RAK020A.2008,SAMTEX.RAK020A.2008.edi,0.17914363365349345,-17.620783333333335,18.010413888888888,True
SAMTEX.kim434.2004,SAMTEX.kim434.2004.edi,0.18074504598259636,-23.69047777777778,18.269805555555553,True
SAMTEX.kap061.2003,SAMTEX.kap061.2003.edi,0.18110402999412284,-24.116005555555557,28.123330555555555,True
SAMTEX.zim103.2005,SAMTEX.zim103.2005.edi,0.18118561210148845,-22.11933888888889,27.276666666666667,True
SAMTEX.rtz205.2005,SAMTEX.rtz205.2005.edi,0.18198004550998975,-25.32658888888889,24.841749999999998,True
SAMTEX.kim015.2003-2006,SAMTEX.kim015.2003-2006.edi,0.182583707946706,-29.493783333333333,25.445830555555556,True
SAMTEX.zim122.2005,SAMTEX.zim122.2005.edi,0.18276904098504673,-19.382672222222222,25.885555555555555,True
SAMTEX.wita34.2004,SAMTEX.wita34.2004.edi,0.18359938276757373,-27.038533333333334,27.413974999999997,True
SAMTEX.RAK099A.2008,SAMTEX.RAK099A.2008.edi,0.1836246951461328,-17.668644444444446,15.866355555555556,True
SAMTEX.kim446.2004,SAMTEX.kim446.2004.edi,0.18378415491978722,-22.31992222222222,16.511469444444444,True
SAMTEX.oka007.2006,SAMTEX.oka007.2006.edi,0.18481780290687883,-19.545894444444446,22.13405277777778,True
SAMTEX.sso113.2005,SAMTEX.sso113.2005.edi,0.1854569422407749,-21.815833333333334,26.279441666666667,True
SAMTEX.rtzfb1.2005,SAMTEX.rtzfb1.2005.edi,0.1856449632301926,-24.448608333333333,22.441388888888888,True
PRIDE.ZAM33B_RH_ZAM32B.2011-2012,PRIDE.ZAM33B_RH_ZAM32B.2011-2012.edi,0.1856614688467385,-14.847441666666667,24.671858333333333,True
SAMTEX.kap001.2003,SAMTEX.kap001.2003.edi,0.18623252930175788,-32.39961666666667,20.20888888888889,True
SAMTEX.kal008.2008,SAMTEX.kal008.2008.edi,0.18657870361526518,-22.34331111111111,23.04866388888889,True
SAMTEX.kap008.2003,SAMTEX.kap008.2003.edi,0.1870251322167543,-31.40545,21.189441666666667,True
SAMTEX.kim439.2004,SAMTEX.kim439.2004.edi,0.18749967870677517,-23.094644444444445,17.517305555555556,True
SAMTEX.kim012.2003-2006,SAMTEX.kim012.2003-2006.edi,0.1879989582672282,-29.132394444444444,25.0125,True
SAMTEX.mof126.2005,SAMTEX.mof126.2005.edi,0.1886792442596735,-21.07795,27.093888888888888,True
SAMTEX.mak001.2006,SAMTEX.mak001.2006.edi,0.18978186539450168,-20.177533333333333,26.030830555555553,True
SAMTEX.win038.2006,SAMTEX.win038.2006.edi,0.19117647219752626,-22.562116666666668,16.998608333333333,True
SAMTEX.wita46.2005,SAMTEX.wita46.2005.edi,0.19124498587453945,-27.00297777777778,27.819805555555554,True
SAMTEX.rtz206.2005,SAMTEX.rtz206.2005.edi,0.1920938654788828,-25.375755555555557,24.668694444444444,True
PRIDE.ZAM013A_RH_ZAM01.2011-2012,PRIDE.ZAM013A_RH_ZAM01.2011-2012.edi,0.19257176602820658,-15.54213888888889,24.771469444444442,True
SAMTEX.dmb019.2006,SAMTEX.dmb019.2006.edi,0.19350976939365447,-21.54183888888889,18.610555555555557,True
SAMTEX.KXT007A_auto.tru.2008,SAMTEX.KXT007A_auto.tru.2008.edi,0.1945664704252786,-31.034172222222224,27.45892222222222,True
SAMTEX.kap072.2003,SAMTEX.kap072.2003.edi,0.1951299354973203,-22.631005555555557,29.510277777777777,True
SAMTEX.NEN001.2006,SAMTEX.NEN001.2006.edi,0.19538927163783196,-21.97045,20.97735833333333,True
SAMTEX.sso118.2005,SAMTEX.sso118.2005.edi,0.19556691509021562,-21.410830555555552,25.53388888888889,True
SAMTEX.rtz410.2005,SAMTEX.rtz410.2005.edi,0.19600631549314004,-24.39156111111111,21.872777777777777,True
SAMTEX.dmb003.2006,SAMTEX.dmb003.2006.edi,0.19721561815556254,-18.66683888888889,17.998608333333333,True
SAMTEX.wita39.2005,SAMTEX.wita39.2005.edi,0.19977296701509256,-27.028255555555553,27.58036388888889,True
SAMTEX.kap033.2003,SAMTEX.kap033.2003.edi,0.1999367104922804,-28.01433888888889,24.621108333333332,True
SAMTEX.win017.2006,SAMTEX.win017.2006.edi,0.20036505597027376,-22.138644444444445,20.96938611111111,False
SAMTEX.k2g002.2006,SAMTEX.k2g002.2006.edi,0.20235289435181827,-21.8567,21.614386111111113,False
PRIDE.ZAM07B_RH_ZAM09B.2011-2012,PRIDE.ZAM07B_RH_ZAM09B.2011-2012.edi,0.20274296926607147,-16.905166666666666,23.845219444444442,False
SAMTEX.dmb024.2006,SAMTEX.dmb024.2006.edi,0.20395118272303564,-22.368616666666668,18.942025,False
SAMTEX.kap059.2003,SAMTEX.kap059.2003.edi,0.204393209090146,-24.38156111111111,27.85888888888889,False
SAMTEX.win007.2006,SAMTEX.win007.2006.edi,0.20444079119404876,-20.674894444444444,22.533525,False
SAMTEX.zim124.2005,SAMTEX.zim124.2005.edi,0.20475571966152037,-19.051838888888888,25.710830555555553,False
SAMTEX.kal006.2008,SAMTEX.kal006.2008.edi,0.2048699640541918,-22.20645,22.68816388888889,False
SAMTEX.RAK018A.2008,SAMTEX.RAK018A.2008.edi,0.20560435556232112,-17.61831111111111,17.575691666666668,False
SAMTEX.KXT009A_auto.tru.2008,SAMTEX.KXT009A_auto.tru.2008.edi,0.20620851856522343,-31.278366666666667,27.715894444444444,False
SAMTEX.kal003.2008,SAMTEX.kal003.2008.edi,0.20720579667483244,-22.0557,22.129858333333335,False
SAMTEX.rtz201.2005,SAMTEX.rtz201.2005.edi,0.20749865975298792,-25.313783333333333,25.57027777777778,False
SAMTEX.mof103.2005,SAMTEX.mof103.2005.edi,0.20785548515864422,-20.173505555555558,23.831108333333333,False
SAMTEX.kim213.2003-2006,SAMTEX.kim213.2003-2006.edi,0.20886228358903702,-29.348227777777776,25.231666666666666,False
SAMTEX.kim214.2003-2006,SAMTEX.kim214.2003-2006.edi,0.21006123173639402,-29.420450000000002,25.341941666666667,False
SAMTEX.mol103.2005,SAMTEX.mol103.2005.edi,0.21067017812992023,-24.130555555555556,25.125,False
PRIDE.ZAM05B_RH_ZAM04B.2011-2012,PRIDE.ZAM05B_RH_ZAM04B.2011-2012.edi,0.21097268562180896,-17.177500000000002,24.06002777777778,False
SAMTEX.zim105.2005,SAMTEX.zim105.2005.edi,0.2111670870468118,-21.76045,27.372219444444443,False
PRIDE.ZAM10B_RH_ZAM18B.2011-2012,PRIDE.ZAM10B_RH_ZAM18B.2011-2012.edi,0.21399638988109926,-16.529916666666665,23.44938888888889,False
SAMTEX.win015.2006,SAMTEX.win015.2006.edi,0.2149801920857846,-22.077644444444445,21.35055277777778,False
SAMTEX.CPV009.2006,SAMTEX.CPV009.2006.edi,0.21515888217258,-18.007477777777776,20.630858333333332,False
SAMTEX.bot418.2005,SAMTEX.bot418.2005.edi,0.21649882190645942,-22.493505555555558,26.441108333333332,False
SAMTEX.mak007.2006,SAMTEX.mak007.2006.edi,0.21653047426364538,-20.239116666666668,24.90063611111111,False
SAMTEX.zim112.2005,SAMTEX.zim112.2005.edi,0.21666127013369205,-20.76295,26.9075,False
SAMTEX.NEN022.2006,SAMTEX.NEN022.2006.edi,0.2169885180346896,-18.276505555555556,19.993358333333333,False
PRIDE.ZAM007A_RH_ZAM01.2011-2012,PRIDE.ZAM007A_RH_ZAM01.2011-2012.edi,0.21732268958155837,-16.527608333333333,24.92663888888889,False
SAMTEX.kim014.2003-2006,SAMTEX.kim014.2003-2006.edi,0.21744769791384683,-29.38992222222222,25.289808333333333,False
PRIDE.ZAM04B_RH_ZAM05B.2011-2012,PRIDE.ZAM04B_RH_ZAM05B.2011-2012.edi,0.2177857969328308,-17.336691666666667,24.132469444444446,False
SAMTEX.kap021.2003,SAMTEX.kap021.2003.edi,0.21890719103378206,-29.648505555555555,22.997219444444447,False
SAMTEX.win022.2006,SAMTEX.win022.2006.edi,0.22007772379678647,-22.272116666666665,20.03894166666667,False
SAMTEX.rtz422.2005,SAMTEX.rtz422.2005.edi,0.22059221263611076,-23.097394444444443,20.258330555555556,False
SAMTEX.kap007.2003,SAMTEX.kap007.2003.edi,0.22066313579912805,-31.512116666666667,21.058608333333336,False
SAMTEX.bot419.2005,SAMTEX.bot419.2005.edi,0.22396487396542644,-22.377116666666666,26.590277777777775,False
SAMTEX.win012.2006,SAMTEX.win012.2006.edi,0.2243012149902327,-21.477283333333332,22.041830555555556,False
SAMTEX.sso111.2005,SAMTEX.sso111.2005.edi,0.22504139099032727,-22.04555277777778,26.551108333333335,False
SAMTEX.CPV023.2006,SAMTEX.CPV023.2006.edi,0.22558643160799052,-17.816477777777777,23.09427222222222,False
SAMTEX.win019.2006,SAMTEX.win019.2006.edi,0.22609868164013136,-22.096866666666667,20.549469444444448,False
SAMTEX.zim117.2005,SAMTEX.zim117.2005.edi,0.22699308561910758,-20.22795,26.255277777777778,False
SAMTEX.witb33.2004,SAMTEX.witb33.2004.edi,0.22805806263537304,-27.0202,26.601194444444445,False
PRIDE.ZAM15B_RH_ZAM16B.2011-2012,PRIDE.ZAM15B_RH_ZAM16B.2011-2012.edi,0.22807576128396856,-16.380055555555558,22.67930555555556,False
SAMTEX.CPV028.2006,SAMTEX.CPV028.2006.edi,0.22826914539068827,-17.649477777777776,24.062883333333335,False
SAMTEX.kim442.2004,SAMTEX.kim442.2004.edi,0.22853055313424267,-22.750755555555557,17.096191666666666,False
SAMTEX.kim438.2004,SAMTEX.kim438.2004.edi,0.22880012101866,-23.236866666666668,17.720358333333333,False
SAMTEX.win039.2006,SAMTEX.win039.2006.edi,0.22956937278409648,-22.598227777777776,16.801941666666668,False
SAMTEX.RAK021A.2008,SAMTEX.RAK021A.2008.edi,0.23195339797803344,-17.65331111111111,18.231913888888887,False
SAMTEX.kim017.2003-2006,SAMTEX.kim017.2003-2006.edi,0.2324938420326376,-29.775727777777778,25.771941666666667,False
SAMTEX.win025.2006,SAMTEX.win025.2006.edi,0.23257817490951352,-22.338088888888887,19.503608333333332,False
SAMTEX.dmb034.2006,SAMTEX.dmb034.2006.edi,0.23306333497912404,-24.120727777777777,19.211388888888887,False
PRIDE.ZAM28B_RH_ZAM26B.2011-2012,PRIDE.ZAM28B_RH_ZAM26B.2011-2012.edi,0.2355018948968731,-15.088555555555557,23.769608333333334,False
SAMTEX.witb14.2004,SAMTEX.witb14.2004.edi,0.2368104490697691,-26.549644444444446,26.273416666666666,False
SAMTEX.kap039.2003,SAMTEX.kap039.2003.edi,0.23800218269597925,-27.16683888888889,25.334441666666667,False
SAMTEX.kim433.2004,SAMTEX.kim433.2004.edi,0.23807557818096994,-23.791588888888892,18.410083333333333,False
SAMTEX.win008.2006,SAMTEX.win008.2006.edi,0.2381272461624648,-20.835616666666667,22.44824722222222,False
SAMTEX.kap044.2003,SAMTEX.kap044.2003.edi,0.2386220480430746,-26.468227777777777,25.98110833333333,False
SAMTEX.witb29.2004,SAMTEX.witb29.2004.edi,0.23885800536396723,-26.93797777777778,26.517030555555554,False
SAMTEX.kap026.2003,SAMTEX.kap026.2003.edi,0.24038988350649587,-28.9525,23.61527777777778,False
SAMTEX.kim007.2003-2006,SAMTEX.kim007.2003-2006.edi,0.24044815728498986,-28.541005555555557,24.188055555555557,False
SAMTEX.bot404.2005,SAMTEX.bot404.2005.edi,0.2407129895235785,-24.865172222222224,25.366666666666667,False
SAMTEX.zim116.2005,SAMTEX.zim116.2005.edi,0.24137003131737747,-20.361283333333336,26.310000000000002,False
SAMTEX.dmb016.2006,SAMTEX.dmb016.2006.edi,0.2425510620839912,-20.98883888888889,18.480191666666666,False
SAMTEX.kap027.2003,SAMTEX.kap027.2003.edi,0.24376200509360993,-28.801005555555555,23.786941666666667,False
SAMTEX.kal002.2008,SAMTEX.kal002.2008.edi,0.24382163831024864,-22.00545,21.94363611111111,False
SAMTEX.dmb023.2006,SAMTEX.dmb023.2006.edi,0.24425229892392836,-22.197116666666666,18.8825,False
SAMTEX.zim118.2005,SAMTEX.zim118.2005.edi,0.2448119658638074,-20.05711666666667,26.18,False
SAMTEX.zim113.2005,SAMTEX.zim113.2005.edi,0.24671665981826862,-20.69183888888889,26.750555555555554,False
PRIDE.ZAM26B_RH_ZAM28B.2011-2012,PRIDE.ZAM26B_RH_ZAM28B.2011-2012.edi,0.247294936329016,-15.190858333333333,23.422219444444444,False
PRIDE.ZAM03B_RH_ZAM01B.2011-2012,PRIDE.ZAM03B_RH_ZAM01B.2011-2012.edi,0.24757907229271284,-17.385555555555555,24.148358333333334,False
SAMTEX.ETO005A.2008,SAMTEX.ETO005A.2008.edi,0.24773810956630818,-21.22395,15.798552777777777,False
SAMTEX.CPV016.2006,SAMTEX.CPV016.2006.edi,0.24805204577325438,-18.069644444444446,21.826302777777776,False
PRIDE.ZAM32B_RH_ZAM33B.2011-2012,PRIDE.ZAM32B_RH_ZAM33B.2011-2012.edi,0.24827065773993534,-14.912777777777778,24.49913888888889,False
SAMTEX.kap016.2003,SAMTEX.kap016.2003.edi,0.24972990844897833,-30.340727777777776,22.29694166666667,False
SAMTEX.win030.2006,SAMTEX.win030.2006.edi,0.25005322842346617,-22.410227777777777,18.544108333333334,False
SAMTEX.kim447.2004,SAMTEX.kim447.2004.edi,0.2511811325487082,-22.187144444444446,16.36563611111111,False
SAMTEX.bot223.2005,SAMTEX.bot223.2005.edi,0.2512044509659744,-24.54547777777778,24.066472222222224,False
SAMTEX.kap002.2003,SAMTEX.kap002.2003.edi,0.25139230110757027,-32.22878333333333,20.356108333333335,False
SAMTEX.win010.2006,SAMTEX.win010.2006.edi,0.25150858509943613,-21.171366666666668,22.307025,False
SAMTEX.kap015.2003,SAMTEX.kap015.2003.edi,0.2518085576548533,-30.466283333333333,22.176941666666668,False
SAMTEX.LIM008A.2008,SAMTEX.LIM008A.2008.edi,0.252015066631508,-23.811783333333334,29.209888888888887,False
PRIDE.ZAM40B_RH_ZAM34B.2011-2012,PRIDE.ZAM40B_RH_ZAM34B.2011-2012.edi,0.25402102688218897,-14.368441666666667,23.605247222222225,False
SAMTEX.KXT006A_auto.tru.2008,SAMTEX.KXT006A_auto.tru.2008.edi,0.25418485570413696,-30.89347777777778,27.237644444444445,False
SAMTEX.ETO010A.2008,SAMTEX.ETO010A.2008.edi,0.2543866768591398,-20.4847,15.305719444444446,False
PRIDE.ZAM39B_RH_ZAM42B.2011-2012,PRIDE.ZAM39B_RH_ZAM42B.2011-2012.edi,0.2556359406807102,-14.3725,23.757830555555554,False
SAMTEX.kim437.2004,SAMTEX.kim437.2004.edi,0.25782535097393716,-23.33017222222222,17.836666666666666,False
SAMTEX.rtz211.2005,SAMTEX.rtz211.2005.edi,0.2592956505881833,-25.302422222222223,23.691472222222224,False
SAMTEX.wita47.2005,SAMTEX.wita47.2005.edi,0.25979408190413467,-26.990755555555555,27.848416666666665,False
PRIDE.ZAM012A_RH_ZAM00.2011-2012,PRIDE.ZAM012A_RH_ZAM00.2011-2012.edi,0.2607641944224587,-15.679719444444444,24.891191666666668,False
SAMTEX.GIB002A.2008,SAMTEX.GIB002A.2008.edi,0.26476370622132656,-24.64228333333333,19.69025,False
SAMTEX.kof003.2004,SAMTEX.kof003.2004.edi,0.2674651989633269,-28.972977777777775,25.16925277777778,False
SAMTEX.mof116.2005,SAMTEX.mof116.2005.edi,0.2682227914183823,-21.368783333333333,25.275277777777777,False
SAMTEX.bot219.2005,SAMTEX.bot219.2005.edi,0.26909097510036134,-24.646866666666668,24.856194444444444,False
SAMTEX.witb15.2004,SAMTEX.witb15.2004.edi,0.26932578624847187,-26.574922222222224,26.29425277777778,False
SAMTEX.CPV004.2006,SAMTEX.CPV004.2006.edi,0.2712938915373422,-17.902338888888888,19.682633333333335,False
SAMTEX.wita21.2004,SAMTEX.wita21.2004.edi,0.2728620533229493,-27.073255555555555,26.986475000000002,False
SAMTEX.dmb009.2006,SAMTEX.dmb009.2006.edi,0.2753960573935958,-19.729533333333332,18.20688611111111,False
SAMTEX.san013.2008,SAMTEX.san013.2008.edi,0.27541918035278784,-21.278033333333333,24.102469444444445,False
SAMTEX.GIB008A.2008,SAMTEX.GIB008A.2008.edi,0.27606510353836183,-25.00758888888889,18.420194444444444,False
SAMTEX.kap041.2003,SAMTEX.kap041.2003.edi,0.2809363880973831,-26.906388888888888,25.611108333333334,False
SAMTEX.kap058.2003,SAMTEX.kap058.2003.edi,0.2815318413377008,-24.50045,27.757219444444445,False
SAMTEX.wita30.2004,SAMTEX.wita30.2004.edi,0.28288919310489075,-27.041866666666667,27.278975,False
SAMTEX.wita20.2004,SAMTEX.wita20.2004.edi,0.2835538550402911,-27.057422222222222,26.955641666666665,False
PRIDE.ZAM08B_RH_ZAM07B.2011-2012,PRIDE.ZAM08B_RH_ZAM07B.2011-2012.edi,0.28798849471076776,-16.767166666666665,23.71075,False
SAMTEX.RAK009A.2008,SAMTEX.RAK009A.2008.edi,0.288051878633575,-17.7877,15.753719444444444,False
SAMTEX.kap014.2003,SAMTEX.kap014.2003.edi,0.2887488850803359,-30.616108333333333,22.005830555555555,False
SAMTEX.kim021.2003-2006,SAMTEX.kim021.2003-2006.edi,0.2887912479053314,-30.183783333333334,26.316108333333332,False
SAMTEX.ETO016A.2008,SAMTEX.ETO016A.2008.edi,0.2889172425447231,-19.44108888888889,14.577719444444444,False
SAMTEX.ETO002A.2008,SAMTEX.ETO002A.2008.edi,0.2898974319800901,-21.790172222222225,16.083025,False
SAMTEX.sso105.2005,SAMTEX.sso105.2005.edi,0.29176233711276944,-22.748055555555556,27.2425,False
SAMTEX.dmb007.2006,SAMTEX.dmb007.2006.edi,0.29191222393114014,-19.396866666666668,18.120108333333334,False
SAMTEX.kim444.2004,SAMTEX.kim444.2004.edi,0.2924451162625207,-22.54381111111111,16.782027777777778,False
SAMTEX.bot214.2005,SAMTEX.bot214.2005.edi,0.2933232597123389,-25.230477777777775,25.586194444444445,False
SAMTEX.NEN002.2006,SAMTEX.NEN002.2006.edi,0.2941580058940812,-21.838505555555553,20.88019166666667,False
SAMTEX.wita41.2005,SAMTEX.wita41.2005.edi,0.29429227600188534,-27.01658888888889,27.645641666666666,False
SAMTEX.witb34.2004,SAMTEX.witb34.2004.edi,0.2965950575341878,-27.037422222222222,26.62397222222222,False
SAMTEX.dmb026.2006,SAMTEX.dmb026.2006.edi,0.29747625034282094,-22.737894444444446,18.90213888888889,False
SAMTEX.LOW005A_auto.tru.2008,SAMTEX.LOW005A_auto.tru.2008.edi,0.29961479780934347,-23.053144444444445,30.209719444444445,False
SAMTEX.bot224.2005,SAMTEX.bot224.2005.edi,0.3004777014345739,-24.484616666666668,23.884166666666665,False
PRIDE.ZAM09B_RH_ZAM07B.2011-2012,PRIDE.ZAM09B_RH_ZAM07B.2011-2012.edi,0.3014987665127732,-16.661358333333332,23.566305555555555,False
SAMTEX.bot217.2005,SAMTEX.bot217.2005.edi,0.3021972247799008,-24.88295,25.148055555555555,False
SAMTEX.win009.2006,SAMTEX.win009.2006.edi,0.3031870626360187,-21.023477777777778,22.418858333333336,False
SAMTEX.mof121.2005,SAMTEX.mof121.2005.edi,0.30375196577369923,-21.30433888888889,26.205555555555556,False
SAMTEX.bot215.2005,SAMTEX.bot215.2005.edi,0.30441116560114695,-25.064894444444445,25.474166666666665,False
SAMTEX.wita45.2005,SAMTEX.wita45.2005.edi,0.30504360255603746,-27.0002,27.781752777777776,False
SAMTEX.oka010.2006,SAMTEX.oka010.2006.edi,0.3062367640675666,-19.015,22.2925,False
SAMTEX.CPV006.2006,SAMTEX.CPV006.2006.edi,0.3066977861401006,-17.936172222222222,20.080358333333333,False
SAMTEX.mak005.2006,SAMTEX.mak005.2006.edi,0.3086968762001398,-20.191388888888888,25.25888888888889,False
SAMTEX.sso104.2005,SAMTEX.sso104.2005.edi,0.3088317536591446,-22.785,27.40583333333333,False
PRIDE.ZAM37B_RH_ZAM36B.2011-2012,PRIDE.ZAM37B_RH_ZAM36B.2011-2012.edi,0.30981166162619633,-14.430388888888888,24.133358333333334,False
SAMTEX.wita29.2004,SAMTEX.wita29.2004.edi,0.31030008339070336,-27.04658888888889,27.243694444444447,False
SAMTEX.dmb015.2006,SAMTEX.dmb015.2006.edi,0.31050945233211164,-20.83406111111111,18.19494166666667,False
SAMTEX.witb32.2004,SAMTEX.witb32.2004.edi,0.31133797682792924,-27.005755555555556,26.574252777777776,False
PRIDE.ZAM27B_RH_ZAM25B.2011-2012,PRIDE.ZAM27B_RH_ZAM25B.2011-2012.edi,0.3115050644746923,-15.150777777777778,23.596941666666666,False
SAMTEX.wita35.2004,SAMTEX.wita35.2004.edi,0.3119494114531176,-27.037144444444447,27.44925277777778,False
SAMTEX.witb16.2004,SAMTEX.witb16.2004.edi,0.31232869836131016,-26.602144444444445,26.314252777777778,False
SAMTEX.CPV013.2006,SAMTEX.CPV013.2006.edi,0.31323916776559646,-18.091644444444444,21.442633333333333,False
SAMTEX.win021.2006,SAMTEX.win021.2006.edi,0.3133921747647173,-22.23486666666667,20.210024999999998,False
SAMTEX.ELZ003A.2008,SAMTEX.ELZ003A.2008.edi,0.3145354612433883,-17.501922222222223,24.322716666666665,False
SAMTEX.san004.2008,SAMTEX.san004.2008.edi,0.3146514279975325,-22.807144444444447,24.165416666666665,False
SAMTEX.GIB013A.2008,SAMTEX.GIB013A.2008.edi,0.3162103900798731,-25.155977777777775,17.37513888888889,False
SAMTEX.witb24.2004,SAMTEX.witb24.2004.edi,0.31660051982247456,-26.801033333333333,26.438141666666667,False
SAMTEX.CPV024.2006,SAMTEX.CPV024.2006.edi,0.3167295014950765,-17.771727777777777,23.313133333333333,False
SAMTEX.GIB015A.true.2008,SAMTEX.GIB015A.true.2008.edi,0.3167417096592283,-25.29961666666667,17.00327777777778,False
SAMTEX.wita32.2004,SAMTEX.wita32.2004.edi,0.31712454998063433,-27.04547777777778,27.347305555555554,False
SAMTEX.zim110.2005,SAMTEX.zim110.2005.edi,0.3191956742272334,-20.903227777777776,27.213055555555556,False
SAMTEX.kim410.2004,SAMTEX.kim410.2004.edi,0.3197881508923919,-26.5102,21.715083333333332,False
SAMTEX.kap071.2003,SAMTEX.kap071.2003.edi,0.3221946998622779,-22.747394444444446,29.35,False
SAMTEX.wita36.2004,SAMTEX.wita36.2004.edi,0.32493586021356247,-27.034366666666667,27.483972222222224,False
SAMTEX.zim131.2005,SAMTEX.zim131.2005.edi,0.32570812693835816,-17.913505555555552,25.213608333333333,False
SAMTEX.dmb028.2006,SAMTEX.dmb028.2006.edi,0.3267071634752995,-23.099116666666667,18.93230555555556,False
SAMTEX.kap063.2003,SAMTEX.kap063.2003.edi,0.3267978318257603,-23.82656111111111,28.3575,False
SAMTEX.kap055.2003,SAMTEX.kap055.2003.edi,0.32780405809741336,-24.92433888888889,27.351108333333336,False
SAMTEX.witb28.2004,SAMTEX.witb28.2004.edi,0.3325782535268802,-26.907144444444445,26.499805555555557,False
SAMTEX.bot409.2005,SAMTEX.bot409.2005.edi,0.3336007624421761,-24.016283333333334,25.63360833333333,False
SAMTEX.kap004.2003,SAMTEX.kap004.2003.edi,0.33387289648137136,-31.911005555555555,20.70138888888889,False
SAMTEX.kim018_L.2003-2006,SAMTEX.kim018_L.2003-2006.edi,0.3355115317179243,-29.861283333333336,25.902777777777775,False
SAMTEX.wita33.2004,SAMTEX.wita33.2004.edi,0.3362240328484864,-27.048533333333335,27.38286388888889,False
SAMTEX.RAK016A.2008,SAMTEX.RAK016A.2008.edi,0.33653451146724456,-17.58245,17.177052777777778,False
SAMTEX.ETO003A.2008,SAMTEX.ETO003A.2008.edi,0.3372103645144744,-21.605700000000002,15.974275,False
PRIDE.ZAM003A_RH_ZAM00.2011-2012,PRIDE.ZAM003A_RH_ZAM00.2011-2012.edi,0.33794695496288346,-17.098888888888887,24.836358333333333,False
SAMTEX.NEN005.2006,SAMTEX.NEN005.2006.edi,0.34011172384119287,-21.320227777777777,20.577358333333333,False
SAMTEX.wita15.2004,SAMTEX.wita15.2004.edi,0.3402497725003326,-27.065755555555555,26.783694444444446,False
SAMTEX.CPV020.2006,SAMTEX.CPV020.2006.edi,0.34421118821171853,-17.921533333333336,22.565858333333335,False
SAMTEX.kap062.2003,SAMTEX.kap062.2003.edi,0.34425984331871984,-23.82638888888889,28.3575,False
SAMTEX.LOW004B_auto.tru.2008,SAMTEX.LOW004B_auto.tru.2008.edi,0.3444139663652819,-22.861783333333335,30.144469444444443,False
SAMTEX.dmb002.2006,SAMTEX.dmb002.2006.edi,0.3447106148061107,-18.487616666666668,17.999608333333335,False
SAMTEX.win034.2006,SAMTEX.win034.2006.edi,0.3459907845453535,-22.391394444444444,17.770608333333332,False
SAMTEX.NEN012.2006,SAMTEX.NEN012.2006.edi,0.34661354450633025,-19.94938888888889,20.556691666666666,False
SAMTEX.kim004_H.2003-2006,SAMTEX.kim004_H.2003-2006.edi,0.34729840020611336,-28.024088888888887,23.62008611111111,False
SAMTEX.RAK012A.2008,SAMTEX.RAK012A.2008.edi,0.3513805672615519,-17.47206111111111,16.366441666666667,False
SAMTEX.wita37.2005,SAMTEX.wita37.2005.edi,0.3518876009442852,-27.036311111111115,27.517305555555556,False
SAMTEX.ETO007C.2008,SAMTEX.ETO007C.2008.edi,0.35208641051145245,-20.954366666666665,15.542858333333333,False
PRIDE.ZAM18B_RH_ZAM10B.2011-2012,PRIDE.ZAM18B_RH_ZAM10B.2011-2012.edi,0.35353890548699163,-16.372191666666666,23.240691666666667,False
SAMTEX.kof001.2004,SAMTEX.kof001.2004.edi,0.35438546801769166,-29.34658888888889,24.78258611111111,False
SAMTEX.oka015.2006,SAMTEX.oka015.2006.edi,0.35614855266720924,-18.299005555555556,21.786191666666667,False
SAMTEX.dmb027.2006,SAMTEX.dmb027.2006.edi,0.3574805762742223,-22.90795,18.938608333333335,False
PRIDE.ZAM017A_RH_ZAM01.2011-2012,PRIDE.ZAM017A_RH_ZAM01.2011-2012.edi,0.35793392038037036,-14.949441666666667,24.553330555555558,False
SAMTEX.witb17.2004,SAMTEX.witb17.2004.edi,0.3607088956230809,-26.62047777777778,26.326752777777777,False
SAMTEX.witb13.2004,SAMTEX.witb13.2004.edi,0.36110575453613275,-26.517977777777777,26.256194444444443,False
SAMTEX.wita31.2004,SAMTEX.wita31.2004.edi,0.36180895656738127,-27.05658888888889,27.324252777777776,False
SAMTEX.RAK013A.2008,SAMTEX.RAK013A.2008.edi,0.3640959182987957,-17.51881111111111,16.58316388888889,False
SAMTEX.kap029.2003,SAMTEX.kap029.2003.edi,0.3654526492199597,-28.539894444444446,24.004441666666665,False
SAMTEX.wita44.2005,SAMTEX.wita44.2005.edi,0.36640087575309227,-27.007144444444446,27.735916666666668,False
SAMTEX.RAK015A.2008,SAMTEX.RAK015A.2008.edi,0.3669126870859083,-17.60158888888889,16.994052777777778,False
PRIDE.ZAM010A_RH_ZAM00.2011-2012,PRIDE.ZAM010A_RH_ZAM00.2011-2012.edi,0.36811572099408035,-16.004191666666667,25.047777777777778,False
SAMTEX.bot211.2005,SAMTEX.bot211.2005.edi,0.3689689164493833,-25.871838888888888,25.887777777777778,False
SAMTEX.kap043.2003,SAMTEX.kap043.2003.edi,0.36953770880343156,-26.591838888888887,25.837777777777777,False
SAMTEX.zim111.2005,SAMTEX.zim111.2005.edi,0.3704475661949776,-20.834338888888887,27.088608333333333,False
SAMTEX.bot225.2005,SAMTEX.bot225.2005.edi,0.3706050212277586,-24.421033333333334,23.690361111111113,False
SAMTEX.witb36.2004,SAMTEX.witb36.2004.edi,0.37102645007098534,-27.060200000000002,26.690919444444443,False
SAMTEX.bot216.2005,SAMTEX.bot216.2005.edi,0.3722471696881731,-24.922144444444445,25.379527777777778,False
SAMTEX.CPV026.2006,SAMTEX.CPV026.2006.edi,0.3722842715168105,-17.78081111111111,23.730441666666664,False
SAMTEX.LIM007A.2008,SAMTEX.LIM007A.2008.edi,0.3769510272523247,-23.705283333333334,29.042250000000003,False
SAMTEX.GIB001A.2008,SAMTEX.GIB001A.2008.edi,0.38018887683155345,-24.60675555555556,19.943194444444444,False
SAMTEX.kap019.2003,SAMTEX.kap019.2003.edi,0.38080870358967883,-29.910727777777776,22.701108333333334,False
SAMTEX.kim408.2004,SAMTEX.kim408.2004.edi,0.38084845167843845,-26.71795,22.025555555555556,False
SAMTEX.CPV022.2006,SAMTEX.CPV022.2006.edi,0.38313612922868645,-17.854200000000002,22.90863333333333,False
SAMTEX.NEN006.2006,SAMTEX.NEN006.2006.edi,0.38808264416590615,-21.101644444444446,20.730219444444444,False
SAMTEX.LOW002A_auto.tru.2008,SAMTEX.LOW002A_auto.tru.2008.edi,0.38817691251118563,-22.509033333333335,30.013052777777776,False
SAMTEX.bot212.2005,SAMTEX.bot212.2005.edi,0.38851599469812115,-25.771005555555554,25.746941666666668,False
SAMTEX.dmb005.2006,SAMTEX.dmb005.2006.edi,0.3895919457070268,-19.014144444444444,18.094608333333333,False
SAMTEX.kim445.2004,SAMTEX.kim445.2004.edi,0.39004761412478806,-22.432422222222222,16.67063888888889,False
SAMTEX.kap028.2003,SAMTEX.kap028.2003.edi,0.3911487400721517,-28.67027777777778,23.884441666666667,False
SAMTEX.mol106.2005,SAMTEX.mol106.2005.edi,0.39285353422284575,-23.763333333333332,24.750833333333333,False
SAMTEX.rtz210.2005,SAMTEX.rtz210.2005.edi,0.3955007434142539,-25.42183888888889,23.881666666666668,False
SAMTEX.ELZ102B.2008,SAMTEX.ELZ102B.2008.edi,0.39612041607590087,-17.672755555555558,24.293219444444446,False
SAMTEX.ETO011A.2008,SAMTEX.ETO011A.2008.edi,0.39820839582916956,-20.32122777777778,15.162552777777778,False
PRIDE.ZAM29B_RH_ZAM30B.2011-2012,PRIDE.ZAM29B_RH_ZAM30B.2011-2012.edi,0.39822142134867083,-15.062441666666667,23.95575,False
SAMTEX.kal005.2008,SAMTEX.kal005.2008.edi,0.3983104120773355,-22.163644444444444,22.499469444444447,False
SAMTEX.dmb006.2006,SAMTEX.dmb006.2006.edi,0.4009598242020944,-19.19536666666667,18.10905277777778,False
SAMTEX.ETO006A.2008,SAMTEX.ETO006A.2008.edi,0.4094535010619499,-21.12686666666667,15.625747222222223,False
SAMTEX.win002.2006,SAMTEX.win002.2006.edi,0.40984408217404483,-20.152783333333332,23.275552777777776,False
SAMTEX.win006.2006,SAMTEX.win006.2006.edi,0.4098568000241179,-20.51031111111111,22.616858333333333,False
SAMTEX.kim403.2004,SAMTEX.kim403.2004.edi,0.41002595018929505,-27.304894444444447,22.730830555555553,False
SAMTEX.ELG914B.2008,SAMTEX.ELG914B.2008.edi,0.4111957924232616,-20.086227777777776,16.718441666666664,False
SAMTEX.RAK007A.2008,SAMTEX.RAK007A.2008.edi,0.4158140375744221,-17.666894444444445,15.329302777777778,False
SAMTEX.mof123.2005,SAMTEX.mof123.2005.edi,0.4170110746383999,-21.191283333333335,26.558608333333336,False
PRIDE.ZAM06B_LH_ZAM06B.2011-2012,PRIDE.ZAM06B_LH_ZAM06B.2011-2012.edi,0.41844013066576485,-17.022166666666667,23.959080555555555,False
SAMTEX.wita43.2005,SAMTEX.wita43.2005.edi,0.41892427176919234,-27.010477777777776,27.703694444444444,False
PRIDE.ZAM008A_RH_ZAM01.2011-2012,PRIDE.ZAM008A_RH_ZAM01.2011-2012.edi,0.4213029783259225,-16.344580555555556,24.946719444444444,False
PRIDE.ZAM02B_RH_ZAM07B.2011-2012,PRIDE.ZAM02B_RH_ZAM07B.2011-2012.edi,0.42419438086286926,-17.41421944444444,24.181108333333334,False
SAMTEX.kap073.2003,SAMTEX.kap073.2003.edi,0.42510906676273386,-22.459338888888887,29.584441666666667,False
SAMTEX.witb10.2004,SAMTEX.witb10.2004.edi,0.42870630789980596,-26.440755555555555,26.202305555555554,False
SAMTEX.kal013.2008,SAMTEX.kal013.2008.edi,0.4289988636778031,-22.64295,24.003441666666667,False
SAMTEX.kap037.2003,SAMTEX.kap037.2003.edi,0.42936904759382744,-27.42933888888889,25.069441666666666,False
SAMTEX.ETO022A.2008,SAMTEX.ETO022A.2008.edi,0.43236724785419484,-18.36881111111111,14.304883333333335,False
SAMTEX.zim107.2005,SAMTEX.zim107.2005.edi,0.4333543597554074,-21.38045,27.470277777777778,False
SAMTEX.ETO014A.2008,SAMTEX.ETO014A.2008.edi,0.4337953745722383,-19.812144444444446,14.857275,False
SAMTEX.KXT001A_auto.tru.2008,SAMTEX.KXT001A_auto.tru.2008.edi,0.43390586356782646,-30.314672222222224,26.4907,False
SAMTEX.bot221.2005,SAMTEX.bot221.2005.edi,0.43402937300174177,-24.574616666666667,24.470277777777778,False
SAMTEX.dmb020.2006,SAMTEX.dmb020.2006.edi,0.43517454837120617,-21.647755555555555,18.73405277777778,False
SAMTEX.rtz402.2005,SAMTEX.rtz402.2005.edi,0.4378377942815354,-24.340755555555553,23.077861111111112,False
SAMTEX.ETO019A.2008,SAMTEX.ETO019A.2008.edi,0.43863752582756116,-18.96717222222222,14.382969444444445,False
SAMTEX.dmb011.2006,SAMTEX.dmb011.2006.edi,0.43985376839917406,-20.06822777777778,18.274719444444443,False
SAMTEX.bot401.2005,SAMTEX.bot401.2005.edi,0.44014673898715956,-25.28683888888889,25.076666666666668,False
SAMTEX.wita13.2004,SAMTEX.wita13.2004.edi,0.44279368490552745,-27.068533333333335,26.716752777777778,False
SAMTEX.kim003.2003-2006,SAMTEX.kim003.2003-2006.edi,0.45103843014582595,-27.947977777777776,23.490919444444444,False
SAMTEX.win014.2006,SAMTEX.win014.2006.edi,0.4521360067097372,-21.692172222222222,21.711219444444442,False
SAMTEX.ELG013A.2008,SAMTEX.ELG013A.2008.edi,0.45527844316795535,-20.52431111111111,16.15491388888889,False
SAMTEX.witb19.2004,SAMTEX.witb19.2004.edi,0.45596459810998624,-26.669644444444447,26.358975,False
SAMTEX.sso103.2005,SAMTEX.sso103.2005.edi,0.4577058381957904,-22.830830555555554,27.601666666666667,False
SAMTEX.RAK002A.2008,SAMTEX.RAK002A.2008.edi,0.46043502881103715,-17.427561111111114,14.37366388888889,False
SAMTEX.ELG097A.2008,SAMTEX.ELG097A.2008.edi,0.46640424895391003,-20.69922777777778,16.607802777777778,False
SAMTEX.GIB017A.2008,SAMTEX.GIB017A.2008.edi,0.47334508967628575,-25.263255555555556,16.55816666666667,False
SAMTEX.zim123.2005,SAMTEX.zim123.2005.edi,0.4734695865192933,-19.208227777777775,25.788608333333336,False
SAMTEX.dmb018.2006,SAMTEX.dmb018.2006.edi,0.4742126845098568,-21.35311666666667,18.559969444444445,False
SAMTEX.kap038.2003,SAMTEX.kap038.2003.edi,0.47631224922481863,-27.303330555555558,25.209441666666667,False
PRIDE.ZAM13B_RH_ZAM12B.2011-2012,PRIDE.ZAM13B_RH_ZAM12B.2011-2012.edi,0.47664523392301433,-16.293858333333336,22.30513888888889,False
SAMTEX.kal015.2008,SAMTEX.kal015.2008.edi,0.4802414887879326,-22.636977777777776,24.361777777777778,False
SAMTEX.CPV019.2006,SAMTEX.CPV019.2006.edi,0.4891934345337269,-18.015116666666668,22.381441666666667,False
SAMTEX.oka011.2006,SAMTEX.oka011.2006.edi,0.49594095056793375,-18.828452777777777,22.223888888888887,False
SAMTEX.CPV007.2006,SAMTEX.CPV007.2006.edi,0.49600959607502637,-17.95506111111111,20.28719166666667,False
SAMTEX.LOW011A_auto.tru.2008,SAMTEX.LOW011A_auto.tru.2008.edi,0.4981172411200145,-23.9997,30.662388888888888,False
SAMTEX.witb18.2004,SAMTEX.witb18.2004.edi,0.4981868416169269,-26.64881111111111,26.340083333333332,False
SAMTEX.kim002.2003-2006,SAMTEX.kim002.2003-2006.edi,0.5010553670548105,-27.812116666666668,23.302777777777777,False
SAMTEX.LIM006A.2008,SAMTEX.LIM006A.2008.edi,0.5034246757895131,-23.616311111111113,28.91111111111111,False
SAMTEX.kim405.2004,SAMTEX.kim405.2004.edi,0.5039091921196001,-27.09631111111111,22.44925277777778,False
SAMTEX.witb35.2004,SAMTEX.witb35.2004.edi,0.5091515937001109,-27.044644444444447,26.660641666666667,False
SAMTEX.rtz404.2005,SAMTEX.rtz404.2005.edi,0.5102721201211385,-24.34545,22.68277777777778,False
SAMTEX.wita28.2004,SAMTEX.wita28.2004.edi,0.5126089718735888,-27.041033333333335,27.212863888888887,False
SAMTEX.KXT010A_auto.tru.2008,SAMTEX.KXT010A_auto.tru.2008.edi,0.5134696848169259,-31.395644444444443,27.898977777777777,False
SAMTEX.NEN118.2006,SAMTEX.NEN118.2006.edi,0.515637981378048,-19.032866666666667,20.173302777777778,False
SAMTEX.wita19.2004,SAMTEX.wita19.2004.edi,0.516202701987963,-27.06547777777778,26.916194444444443,False
SAMTEX.witb22.2004,SAMTEX.witb22.2004.edi,0.5178143997180371,-26.75297777777778,26.404252777777778,False
SAMTEX.kap030.2003,SAMTEX.kap030.2003.edi,0.5192553853864307,-28.01433888888889,24.620830555555557,False
SAMTEX.kap022.2003,SAMTEX.kap022.2003.edi,0.5211883421510091,-29.493783333333333,23.1125,False
SAMTEX.NEN117.2006,SAMTEX.NEN117.2006.edi,0.5217472881220097,-19.237616666666668,20.212358333333334,False
PRIDE.ZAM016A_RH_ZAM01.2011-2012,PRIDE.ZAM016A_RH_ZAM01.2011-2012.edi,0.522744248118774,-15.102441666666666,24.452527777777778,False
SAMTEX.GIB007A.2008,SAMTEX.GIB007A.2008.edi,0.5232237251603579,-24.92997777777778,18.62638888888889,False
SAMTEX.kap011.2003,SAMTEX.kap011.2003.edi,0.5256937048093248,-31.007394444444444,21.577219444444445,False
SAMTEX.sso114.2005,SAMTEX.sso114.2005.edi,0.5259936844770606,-21.788333333333334,26.10666666666667,False
PRIDE.ZAM42B_RH_ZAM39B.2011-2012,PRIDE.ZAM42B_RH_ZAM39B.2011-2012.edi,0.5265121840489637,-14.415497222222223,23.265027777777778,False
SAMTEX.kap075.2003,SAMTEX.kap075.2003.edi,0.5274710038945061,-22.19183888888889,29.858055555555556,False
SAMTEX.oka005.2006,SAMTEX.oka005.2006.edi,0.5300883511247066,-19.892033333333334,22.242469444444446,False
SAMTEX.ETO001A.2008,SAMTEX.ETO001A.2008.edi,0.5312735304961704,-21.904977777777777,16.204552777777778,False
SAMTEX.kap050.2003,SAMTEX.kap050.2003.edi,0.5322886256131034,-25.614061111111113,26.73888888888889,False
SAMTEX.NEN011.2006,SAMTEX.NEN011.2006.edi,0.5367895431361444,-20.242394444444447,20.465747222222223,False
SAMTEX.RAK023A.2008,SAMTEX.RAK023A.2008.edi,0.5427306107947109,-17.7997,18.548883333333336,False
SAMTEX.GIB012A.2008,SAMTEX.GIB012A.2008.edi,0.5444599064713717,-25.165477777777777,17.613750000000003,False
SAMTEX.LOW007A_auto.tru.2008,SAMTEX.LOW007A_auto.tru.2008.edi,0.5478364565390831,-23.357644444444446,30.376805555555556,False
SAMTEX.ELG091A.2008,SAMTEX.ELG091A.2008.edi,0.5542133352066878,-20.258144444444444,16.33735833333333,False
SAMTEX.sso112.2005,SAMTEX.sso112.2005.edi,0.5579194588242393,-21.896108333333334,26.468055555555555,False
SAMTEX.kof002.2004,SAMTEX.kof002.2004.edi,0.5581797225035884,-29.222144444444442,24.87175277777778,False
SAMTEX.kap045.2003,SAMTEX.kap045.2003.edi,0.5595388578782408,-26.320172222222222,26.086388888888887,False
SAMTEX.kim409.2004,SAMTEX.kim409.2004.edi,0.5605661618606,-26.628783333333335,21.87138888888889,False
SAMTEX.kim010.2003-2006,SAMTEX.kim010.2003-2006.edi,0.5671159387265169,-28.884644444444444,24.710919444444443,False
SAMTEX.kap025.2003,SAMTEX.kap025.2003.edi,0.5726778898063891,-29.141838888888888,23.550555555555555,False
SAMTEX.win033.2006,SAMTEX.win033.2006.edi,0.5766032207257589,-22.371894444444443,17.97071944444444,False
SAMTEX.wita26.2004,SAMTEX.wita26.2004.edi,0.5789969105417604,-27.048811111111114,27.154530555555553,False
SAMTEX.LOW003B_auto.tru.2008,SAMTEX.LOW003B_auto.tru.2008.edi,0.5797467570750234,-22.695116666666667,30.075027777777777,False
SAMTEX.NEN010.2006,SAMTEX.NEN010.2006.edi,0.580122052848474,-20.35733888888889,20.54694166666667,False
SAMTEX.kof004.2004,SAMTEX.kof004.2004.edi,0.5821291712355122,-28.787950000000002,25.273330555555553,False
SAMTEX.ELG093A.2008,SAMTEX.ELG093A.2008.edi,0.5826557485665202,-20.101172222222225,16.220913888888887,False
PRIDE.ZAMC65L1.2011-2012,PRIDE.ZAMC65L1.2011-2012.edi,0.5829456273056767,-13.58098611111111,22.588749999999997,False
SAMTEX.RAK005A.2008,SAMTEX.RAK005A.2008.edi,0.5856331894846131,-17.491144444444444,15.000883333333332,False
SAMTEX.kim407.2004,SAMTEX.kim407.2004.edi,0.5865718225591192,-26.821866666666665,22.129527777777778,False
SAMTEX.kim201.2003-2006,SAMTEX.kim201.2003-2006.edi,0.5880805540272618,-27.512144444444445,23.400641666666665,False
SAMTEX.NEN016.2006,SAMTEX.NEN016.2006.edi,0.5889289011727538,-19.287783333333334,20.253608333333332,False
SAMTEX.witb20.2004,SAMTEX.witb20.2004.edi,0.5897565574633565,-26.699644444444445,26.37036388888889,False
SAMTEX.mof122.2005,SAMTEX.mof122.2005.edi,0.591637724337106,-21.24461666666667,26.381666666666668,False
SAMTEX.rtz204.2005,SAMTEX.rtz204.2005.edi,0.5940998607314617,-25.375555555555557,24.668608333333335,False
SAMTEX.NEN017.2006,SAMTEX.NEN017.2006.edi,0.5951819868399906,-19.130283333333335,20.200830555555555,False
SAMTEX.LOW008A_auto.tru.2008,SAMTEX.LOW008A_auto.tru.2008.edi,0.5978084745076185,-23.52645,30.442608333333332,False
SAMTEX.CPV012.2006,SAMTEX.CPV012.2006.edi,0.602024307235503,-18.000644444444443,21.230691666666665,False
SAMTEX.rtz408.2005,SAMTEX.rtz408.2005.edi,0.6148909116728738,-24.5727,22.06202777777778,False
SAMTEX.rtzf03.2005,SAMTEX.rtzf03.2005.edi,0.6200005256312278,-24.57138888888889,22.006666666666668,False
SAMTEX.kap069.2003,SAMTEX.kap069.2003.edi,0.6204466105233084,-23.040450000000003,29.1175,False
SAMTEX.witb11.2004,SAMTEX.witb11.2004.edi,0.622938673362226,-26.467422222222222,26.217027777777776,False
SAMTEX.kim006.2003-2006,SAMTEX.kim006.2003-2006.edi,0.6244958948879398,-28.231311111111108,23.92203055555556,False
SAMTEX.ETO024A.2008,SAMTEX.ETO024A.2008.edi,0.6283558719138859,-17.97531111111111,14.281969444444446,False
SAMTEX.win005.2006,SAMTEX.win005.2006.edi,0.6285441131816517,-20.402588888888886,22.77110833333333,False
SAMTEX.win027.2006,SAMTEX.win027.2006.edi,0.630237460599834,-22.389227777777776,19.129219444444445,False
SAMTEX.witb31.2004,SAMTEX.witb31.2004.edi,0.632468216302729,-26.983533333333334,26.546475,False
PRIDE.ZAM30B_RH_ZAM29B.2011-2012,PRIDE.ZAM30B_RH_ZAM29B.2011-2012.edi,0.6395637631772025,-15.018108333333334,24.142691666666668,False
SAMTEX.rtz412.2005,SAMTEX.rtz412.2005.edi,0.6445605217957266,-24.044644444444447,21.792583333333337,False
SAMTEX.kim443.2004,SAMTEX.kim443.2004.edi,0.660171308112268,-22.608505555555556,16.903055555555554,False
SAMTEX.RAK053A.2008,SAMTEX.RAK053A.2008.edi,0.6641475545748017,-17.612366666666667,24.396466666666665,False
SAMTEX.win023.2006,SAMTEX.win023.2006.edi,0.6669057227055336,-22.306116666666668,19.88244166666667,False
SAMTEX.oka009.2006,SAMTEX.oka009.2006.edi,0.6680844427068141,-19.185277777777777,22.223055555555554,False
SAMTEX.win032.2006,SAMTEX.win032.2006.edi,0.6697949725833995,-22.355755555555557,18.164441666666665,False
SAMTEX.bot220.2005,SAMTEX.bot220.2005.edi,0.669820929364535,-24.615755555555555,24.66147222222222,False
PRIDE.ZAM22B_LH_ZAM22B.2011-2012,PRIDE.ZAM22B_LH_ZAM22B.2011-2012.edi,0.6721085016467798,-15.821055555555555,23.31463888888889,False
SAMTEX.rtz425.2005,SAMTEX.rtz425.2005.edi,0.6722908261411635,-22.58322777777778,20.22110833333333,False
SAMTEX.ELG092A.2008,SAMTEX.ELG092A.2008.edi,0.6726435097138721,-20.388394444444444,16.487525,False
PRIDE.ZAM002A_RH_ZAM00.2011-2012,PRIDE.ZAM002A_RH_ZAM00.2011-2012.edi,0.6786905759776598,-17.236219444444444,24.709969444444443,False
SAMTEX.zim114.2005,SAMTEX.zim114.2005.edi,0.6793088829668478,-20.60295,26.559166666666666,False
PRIDE.ZAM17B_LH_ZAM17B.2011-2012,PRIDE.ZAM17B_LH_ZAM17B.2011-2012.edi,0.6832576139022183,-16.38660833333333,22.868277777777777,False
SAMTEX.ELZ101A.2008,SAMTEX.ELZ101A.2008.edi,0.6841187417061108,-17.667561111111112,24.118219444444446,False
SAMTEX.rtzf02.2005,SAMTEX.rtzf02.2005.edi,0.6880700637177605,-24.570172222222222,21.8075,False
SAMTEX.CPV015.2006,SAMTEX.CPV015.2006.edi,0.6905417807070946,-18.169422222222224,21.684580555555556,False
SAMTEX.zim106.2005,SAMTEX.zim106.2005.edi,0.6974855524745773,-21.571005555555555,27.39388888888889,False
SAMTEX.RAK014A.2008,SAMTEX.RAK014A.2008.edi,0.7193475599690797,-17.57631111111111,16.792775000000002,False
SAMTEX.kim009_L.2003-2006,SAMTEX.kim009_L.2003-2006.edi,0.7193685905071243,-28.736283333333333,24.513330555555555,False
SAMTEX.win011.2006,SAMTEX.win011.2006.edi,0.7278699268431521,-21.328394444444445,22.17155277777778,False
PRIDE.ZAM014A_RH_ZAM01.2011-2012,PRIDE.ZAM014A_RH_ZAM01.2011-2012.edi,0.7421316747800937,-15.379555555555555,24.690166666666666,False
SAMTEX.dmb021.2006,SAMTEX.dmb021.2006.edi,0.7573914963755656,-21.824894444444443,18.837777777777777,False
SAMTEX.kap035.2003,SAMTEX.kap035.2003.edi,0.7610610061887978,-27.711941666666664,24.799166666666668,False
SAMTEX.NEN019.2006,SAMTEX.NEN019.2006.edi,0.7644158137729875,-18.80095,20.103775000000002,False
SAMTEX.LIM002A.2008,SAMTEX.LIM002A.2008.edi,0.7662131290700487,-23.175394444444446,28.27252777777778,False
SAMTEX.kim404.2004,SAMTEX.kim404.2004.edi,0.7678634347094648,-27.199616666666667,22.575555555555557,False
SAMTEX.RAK008A.2008,SAMTEX.RAK008A.2008.edi,0.7696131348957739,-17.710366666666665,15.573605555555556,False
PRIDE.ZAM20B_RH_ZAM19B.2011-2012,PRIDE.ZAM20B_RH_ZAM19B.2011-2012.edi,0.7787412565735149,-16.17988888888889,23.340441666666667,False
SAMTEX.kap053.2003,SAMTEX.kap053.2003.edi,0.7872169648751981,-25.24888888888889,27.10194166666667,False
PRIDE.ZAMC64L.2011-2012,PRIDE.ZAMC64L.2011-2012.edi,0.7910469523744255,-13.20778611111111,24.64087222222222,False
SAMTEX.ELG913A.2008,SAMTEX.ELG913A.2008.edi,0.8008828974349532,-20.524283333333333,16.154941666666666,False
SAMTEX.wita22.2004,SAMTEX.wita22.2004.edi,0.8046295601007504,-27.058811111111112,27.020919444444445,False
SAMTEX.NEN015.2006,SAMTEX.NEN015.2006.edi,0.8080854610647767,-19.524227777777778,20.31616388888889,False
PRIDE.ZAM19B_RH_ZAM20B.2011-2012,PRIDE.ZAM19B_RH_ZAM20B.2011-2012.edi,0.8084424595632003,-16.360608333333335,23.367608333333333,False
SAMTEX.win031.2006,SAMTEX.win031.2006.edi,0.8087525815094834,-22.371644444444446,18.357525000000003,False
SAMTEX.ELZ103A.2008,SAMTEX.ELZ103A.2008.edi,0.8092550486474449,-17.556283333333333,24.43094166666667,False
PRIDE.ZAM35B_RH_ZAM38B.2011-2012,PRIDE.ZAM35B_RH_ZAM38B.2011-2012.edi,0.815811684102915,-14.615719444444444,24.394441666666665,False
SAMTEX.kim001.2003-2006,SAMTEX.kim001.2003-2006.edi,0.817368151618908,-27.658505555555553,23.170555555555556,False
SAMTEX.zim121.2005,SAMTEX.zim121.2005.edi,0.8177434369578076,-19.556005555555558,25.962219444444443,False
PRIDE.ZAM24B_RH_ZAM23B.2011-2012,PRIDE.ZAM24B_RH_ZAM23B.2011-2012.edi,0.8221657679563055,-15.446830555555556,23.240219444444445,False
SAMTEX.ETO004A.2008,SAMTEX.ETO004A.2008.edi,0.8261745061159433,-21.446755555555555,15.884274999999999,False
SAMTEX.kim019.2003-2006,SAMTEX.kim019.2003-2006.edi,0.8344373250278545,-29.95992222222222,26.02758888888889,False
SAMTEX.ELG001A.2008,SAMTEX.ELG001A.2008.edi,0.8380129631341032,-20.25817222222222,16.33735833333333,False
PRIDE.ZAM38B_RH_ZAM35B.2011-2012,PRIDE.ZAM38B_RH_ZAM35B.2011-2012.edi,0.8383197890716181,-14.375555555555556,23.960638888888887,False
PRIDE.ZAM25B_RH_ZAM27B.2011-2012,PRIDE.ZAM25B_RH_ZAM27B.2011-2012.edi,0.8604524662111608,-15.251219444444445,23.240080555555558,False
SAMTEX.ELG007A.2008,SAMTEX.ELG007A.2008.edi,0.8627518793194913,-20.69922777777778,16.607802777777778,False
SAMTEX.kim406.2004,SAMTEX.kim406.2004.edi,0.8773937275472861,-26.973505555555555,22.292219444444445,False
SAMTEX.kim013.2003-2006,SAMTEX.kim013.2003-2006.edi,0.8810768541403913,-29.261588888888888,25.14036388888889,False
SAMTEX.NEN018.2006,SAMTEX.NEN018.2006.edi,0.8843520361236041,-18.983977777777778,20.163525,False
SAMTEX.ELG003A.2008,SAMTEX.ELG003A.2008.edi,0.893214925966183,-20.101200000000002,16.22088611111111,False
SAMTEX.sso101.2005,SAMTEX.sso101.2005.edi,0.8958211302355275,-22.960555555555555,27.935277777777777,False
SAMTEX.RAK004A.2008,SAMTEX.RAK004A.2008.edi,0.9088747976801596,-17.45881111111111,14.799355555555556,False
SAMTEX.CPV011.2006,SAMTEX.CPV011.2006.edi,0.9127853588634698,-18.01545,21.017163888888888,False
SAMTEX.GIB011A.2008,SAMTEX.GIB011A.2008.edi,0.9246642572565272,-25.15592222222222,17.808333333333334,False
SAMTEX.CPV021.2006,SAMTEX.CPV021.2006.edi,0.9275800248164012,-17.89003333333333,22.78916388888889,False
SAMTEX.rtz212.2005,SAMTEX.rtz212.2005.edi,0.929118812307252,-25.209441666666667,23.531941666666665,False
SAMTEX.ELG009A.2008,SAMTEX.ELG009A.2008.edi,0.9409471879749602,-20.301755555555555,16.264802777777778,False
SAMTEX.ELG005A.2008,SAMTEX.ELG005A.2008.edi,0.9454430895930551,-20.57722777777778,16.597997222222222,False
SAMTEX.rtz203.2005,SAMTEX.rtz203.2005.edi,0.9543920779509815,-25.286283333333333,25.076666666666668,False
SAMTEX.NEN119.2006,SAMTEX.NEN119.2006.edi,0.9589420239600732,-18.820616666666666,20.10230277777778,False
SAMTEX.bot402.2005,SAMTEX.bot402.2005.edi,0.9592998239001816,-25.222394444444443,25.284719444444445,False
SAMTEX.GIB009A.true.2008,SAMTEX.GIB009A.true.2008.edi,0.9709686594120632,-25.045922222222224,18.22622222222222,False
SAMTEX.kap052.2003,SAMTEX.kap052.2003.edi,0.9715468154848271,-25.32795,26.928330555555558,False
SAMTEX.dmb025.2006,SAMTEX.dmb025.2006.edi,0.9774183569647011,-22.56295,18.9425,False
SAMTEX.NEN004.2006,SAMTEX.NEN004.2006.edi,0.989737913263022,-21.441866666666666,20.80388611111111,False
PRIDE.ZAM36B_RH_ZAM37B.2011-2012,PRIDE.ZAM36B_RH_ZAM37B.2011-2012.edi,1.0007760426135406,-14.503638888888888,24.249469444444447,False
SAMTEX.RAK003A.2008,SAMTEX.RAK003A.2008.edi,1.021378152922202,-17.424144444444444,14.584552777777779,False
SAMTEX.NEN007.2006,SAMTEX.NEN007.2006.edi,1.0236591499814487,-20.862755555555555,20.684997222222222,False
SAMTEX.LIM001A.2008,SAMTEX.LIM001A.2008.edi,1.0306751486558174,-23.116366666666668,28.10816666666667,False
SAMTEX.bot209.2005,SAMTEX.bot209.2005.edi,1.0316387313105282,-26.054616666666668,26.17944166666667,False
SAMTEX.ELZ002A.2008,SAMTEX.ELZ002A.2008.edi,1.0370784356001075,-17.59942222222222,24.217775,False
SAMTEX.GIB016A.2008,SAMTEX.GIB016A.2008.edi,1.040461291710273,-25.259144444444445,16.78147222222222,False
SAMTEX.sso116.2005,SAMTEX.sso116.2005.edi,1.0465253899631648,-21.638055555555557,25.79638888888889,False
SAMTEX.rtz209.2005,SAMTEX.rtz209.2005.edi,1.052577377846801,-25.41381111111111,24.07925,False
SAMTEX.NEN009.2006,SAMTEX.NEN009.2006.edi,1.0613352257130386,-20.58245,20.561552777777777,False
SAMTEX.win036.2006,SAMTEX.win036.2006.edi,1.063865224628189,-22.50433888888889,17.403055555555554,False
SAMTEX.ELG011A.2008,SAMTEX.ELG011A.2008.edi,1.0722245403140933,-20.279755555555553,16.632025,False
SAMTEX.NEN014.2006,SAMTEX.NEN014.2006.edi,1.0748659154381845,-19.65842222222222,20.425219444444444,False
SAMTEX.ELZ201A.2008,SAMTEX.ELZ201A.2008.edi,1.0827400958139928,-17.72381111111111,23.930141666666668,False
SAMTEX.LOW009A_auto.tru.2008,SAMTEX.LOW009A_auto.tru.2008.edi,1.0848254935404982,-23.717033333333333,30.534805555555558,False
SAMTEX.ELG002A.2008,SAMTEX.ELG002A.2008.edi,1.0956889376580954,-20.38842222222222,16.487525,False
SAMTEX.kap040.2003,SAMTEX.kap040.2003.edi,1.0969432013401672,-27.028783333333333,25.4775,False
SAMTEX.LOW001A_auto.tru.2008,SAMTEX.LOW001A_auto.tru.2008.edi,1.1045093520971139,-22.345422222222222,29.966469444444442,False
SAMTEX.ETO025A.2008,SAMTEX.ETO025A.2008.edi,1.1074114364190901,-17.80411666666667,14.270105555555556,False
SAMTEX.witb25.2004,SAMTEX.witb25.2004.edi,1.1184724157468342,-26.822144444444444,26.452027777777776,False
SAMTEX.LIM003A.2008,SAMTEX.LIM003A.2008.edi,1.1309912615985518,-23.27931111111111,28.444469444444444,False
SAMTEX.kap070.2003,SAMTEX.kap070.2003.edi,1.1323154649824356,-22.860277777777778,29.220830555555555,False
SAMTEX.kap032.2003,SAMTEX.kap032.2003.edi,1.1359443371089768,-28.135727777777777,24.37,False
SAMTEX.kap064.2003,SAMTEX.kap064.2003.edi,1.1533819317605203,-23.665727777777775,28.415830555555555,False
PRIDE.ZAM23B_RH_ZAM24B.2011-2012,PRIDE.ZAM23B_RH_ZAM24B.2011-2012.edi,1.1544146209921184,-15.637969444444444,23.309691666666666,False
SAMTEX.NEN008.2006,SAMTEX.NEN008.2006.edi,1.167326484236747,-20.739644444444444,20.64463611111111,False
SAMTEX.oka013.2006,SAMTEX.oka013.2006.edi,1.190692011536271,-18.567338888888887,21.985522222222222,False
SAMTEX.ELG004B.2008,SAMTEX.ELG004B.2008.edi,1.19669507741357,-20.49311666666667,16.584608333333332,False
SAMTEX.rtz213.2005,SAMTEX.rtz213.2005.edi,1.2140781408957528,-25.127950000000002,23.343608333333332,False
SAMTEX.oka014.2006,SAMTEX.oka014.2006.edi,1.217755522542014,-18.438783333333333,21.885830555555554,False
SAMTEX.LOW010A_auto.tru.2008,SAMTEX.LOW010A_auto.tru.2008.edi,1.2279230041131834,-23.89431111111111,30.52511111111111,False
PRIDE.ZAM015A_RH_ZAM01.2011-2012,PRIDE.ZAM015A_RH_ZAM01.2011-2012.edi,1.2290271732582545,-15.232888888888889,24.582166666666666,False
SAMTEX.witb27.2004,SAMTEX.witb27.2004.edi,1.231274603601377,-26.873811111111113,26.483141666666665,False
SAMTEX.witb21.2004,SAMTEX.witb21.2004.edi,1.2406328231231623,-26.720755555555552,26.381752777777777,False
SAMTEX.ETO008A.2008,SAMTEX.ETO008A.2008.edi,1.2429048637518647,-20.81033888888889,15.484274999999998,False
SAMTEX.kap047.2003,SAMTEX.kap047.2003.edi,1.244339692953808,-26.046561111111114,26.348055555555554,False
SAMTEX.RAK006A.2008,SAMTEX.RAK006A.2008.edi,1.3158080060586044,-17.617894444444445,15.181302777777777,False
SAMTEX.kap031.2003,SAMTEX.kap031.2003.edi,1.3209416437235653,-28.243055555555557,24.259441666666667,False
SAMTEX.ELG012B.2008,SAMTEX.ELG012B.2008.edi,1.3300659623385718,-20.39342222222222,16.35494166666667,False
SAMTEX.win040.2006,SAMTEX.win040.2006.edi,1.3450942220775162,-22.667672222222222,16.625830555555556,False
SAMTEX.kap048.2003,SAMTEX.kap048.2003.edi,1.3491768525851469,-25.927950000000003,26.450830555555555,False
SAMTEX.win029.2006,SAMTEX.win029.2006.edi,1.375235926655827,-22.4062,18.731691666666666,False
SAMTEX.bot210.2005,SAMTEX.bot210.2005.edi,1.417310359818764,-26.008227777777776,26.03888888888889,False
SAMTEX.rtz421.2005,SAMTEX.rtz421.2005.edi,1.4324926965408138,-23.29146388888889,20.309805555555556,False
SAMTEX.wita24.2004,SAMTEX.wita24.2004.edi,1.433016220155624,-27.058255555555558,27.084530555555553,False
SAMTEX.ELZ001A.2008,SAMTEX.ELZ001A.2008.edi,1.4332382903957668,-17.552283333333335,24.14602222222222,False
SAMTEX.kap066.2003,SAMTEX.kap066.2003.edi,1.4506899889020095,-23.451283333333333,28.71527777777778,False
SAMTEX.ETO021A.2008,SAMTEX.ETO021A.2008.edi,1.484159572989091,-18.563866666666666,14.301358333333335,False
SAMTEX.ELZ555A.2008,SAMTEX.ELZ555A.2008.edi,1.4876363261658268,-17.497977777777777,24.23566388888889,False
SAMTEX.bot202.2005,SAMTEX.bot202.2005.edi,1.5092014337374478,-26.941005555555556,27.268608333333333,False
SAMTEX.LIM004A.2008,SAMTEX.LIM004A.2008.edi,1.5178116755418032,-23.40931111111111,28.575222222222223,False
PRIDE.ZAMC65L2.2011-2012,PRIDE.ZAMC65L2.2011-2012.edi,1.5325939955751278,-13.259391666666666,23.313072222222225,False
SAMTEX.win041.2006,SAMTEX.win041.2006.edi,1.5504296640924022,-22.734616666666668,16.465,False
SAMTEX.ELZ191A.2008,SAMTEX.ELZ191A.2008.edi,1.563145324059306,-17.667561111111112,24.118219444444446,False
SAMTEX.kap057.2003,SAMTEX.kap057.2003.edi,1.5864783905772906,-24.638783333333333,27.596666666666664,False
SAMTEX.bot204.2005,SAMTEX.bot204.2005.edi,1.61845059438371,-26.68517222222222,26.951941666666666,False
SAMTEX.CPV017.2006,SAMTEX.CPV017.2006.edi,1.6298686274459446,-18.04472777777778,21.992775,False
SAMTEX.ELG014A.2008,SAMTEX.ELG014A.2008.edi,1.6560824502182936,-20.086227777777776,16.718441666666664,False
SAMTEX.kal004.2008,SAMTEX.kal004.2008.edi,1.6929494930740492,-22.109811111111114,22.315691666666666,False
SAMTEX.win035.2006,SAMTEX.win035.2006.edi,1.7184845870176324,-22.437116666666668,17.605,False
SAMTEX.ETO026A.2008,SAMTEX.ETO026A.2008.edi,1.7598636325057335,-17.60600555555556,14.321383333333333,False
SAMTEX.dmb012.2006,SAMTEX.dmb012.2006.edi,1.7721865459361348,-20.217477777777777,18.34324722222222,False
SAMTEX.GIB005B.2008,SAMTEX.GIB005B.2008.edi,1.7740119250292308,-24.76595,19.024305555555554,False
SAMTEX.ETO015A.2008,SAMTEX.ETO015A.2008.edi,1.8049590003523677,-19.63447777777778,14.730830555555556,False
SAMTEX.kap051.2003,SAMTEX.kap051.2003.edi,1.8532059493381603,-25.47406111111111,26.84,False
SAMTEX.RAK001A.2008,SAMTEX.RAK001A.2008.edi,1.8988347176206009,-17.42608888888889,14.171302777777777,False
SAMTEX.ELG008A.2008,SAMTEX.ELG008A.2008.edi,1.9079892859164191,-20.142227777777777,16.45660833333333,False
SAMTEX.RAK010A.2008,SAMTEX.RAK010A.2008.edi,1.9228913663753266,-17.5202,15.973552777777778,False
PRIDE.ZAM018A_RH_ZAM01.2011-2012,PRIDE.ZAM018A_RH_ZAM01.2011-2012.edi,1.9461558209196788,-14.772108333333334,24.57485833333333,False
SAMTEX.bot405.2005,SAMTEX.bot405.2005.edi,1.9630013460452085,-24.72853333333333,25.498972222222225,False
SAMTEX.CPV018.2006,SAMTEX.CPV018.2006.edi,1.9679853000949084,-18.03256111111111,22.178133333333335,False
SAMTEX.bot208.2005,SAMTEX.bot208.2005.edi,2.0248154124993305,-26.238783333333334,26.343608333333332,False
SAMTEX.kap046.2003,SAMTEX.kap046.2003.edi,2.253958253302988,-26.230727777777776,26.140555555555554,False
SAMTEX.kap065.2003,SAMTEX.kap065.2003.edi,2.286247960038042,-23.565727777777777,28.604441666666666,False
SAMTEX.witb26.2004,SAMTEX.witb26.2004.edi,2.3032915701569965,-26.85408888888889,26.47008333333333,False
SAMTEX.CPV010.2006,SAMTEX.CPV010.2006.edi,2.3361112664523604,-18.043922222222225,20.84061388888889,False
SAMTEX.wita25.2004,SAMTEX.wita25.2004.edi,2.382618873251338,-27.05158888888889,27.118141666666666,False
SAMTEX.witb12.2004,SAMTEX.witb12.2004.edi,2.424474148733374,-26.50047777777778,26.24286388888889,False
SAMTEX.win026.2006,SAMTEX.win026.2006.edi,2.4409439563760187,-22.33992222222222,19.305580555555558,False
SAMTEX.mof124.2005,SAMTEX.mof124.2005.edi,2.442237504004602,-21.081005555555556,26.723055555555554,False
SAMTEX.ETO017A.2008,SAMTEX.ETO017A.2008.edi,2.595217903774118,-19.301144444444446,14.458330555555555,False
PRIDE.ZAM004A_RH_ZAM00.2011-2012,PRIDE.ZAM004A_RH_ZAM00.2011-2012.edi,2.6303277846649613,-16.969638888888888,24.948555555555554,False
SAMTEX.kap049.2003,SAMTEX.kap049.2003.edi,2.702008869052612,-25.762116666666667,26.608330555555558,False
SAMTEX.kim401.2004,SAMTEX.kim401.2004.edi,2.746961175911704,-27.553505555555557,22.990555555555556,False
SAMTEX.kim018_H.2003-2006,SAMTEX.kim018_H.2003-2006.edi,2.8012942141804844,-29.861311111111114,25.90258611111111,False
SAMTEX.CPV014.2006,SAMTEX.CPV014.2006.edi,2.816616196162404,-18.08795,21.629883333333336,False
SAMTEX.oka012.2006,SAMTEX.oka012.2006.edi,2.850823433135245,-18.690533333333335,22.106719444444447,False
SAMTEX.ETO023A.2008,SAMTEX.ETO023A.2008.edi,2.8996880230339683,-18.161144444444442,14.294191666666666,False
SAMTEX.kim402.2004,SAMTEX.kim402.2004.edi,3.0104194668370927,-27.436283333333332,22.855830555555556,False
SAMTEX.bot203.2005,SAMTEX.bot203.2005.edi,3.0155125933541127,-26.809338888888888,27.110277777777778,False
SAMTEX.ETO020A.2008,SAMTEX.ETO020A.2008.edi,3.044970290412196,-18.76831111111111,14.338191666666667,False
SAMTEX.wita27.2004,SAMTEX.wita27.2004.edi,3.0477573158709044,-27.048533333333335,27.175641666666667,False
SAMTEX.witb23.2004,SAMTEX.witb23.2004.edi,3.191242858707952,-26.783811111111113,26.41925277777778,False
PRIDE.ZAM006A_RH_ZAM00.2011-2012,PRIDE.ZAM006A_RH_ZAM00.2011-2012.edi,3.54573199640178,-16.68502777777778,25.00738888888889,False
SAMTEX.ELG010A.2008,SAMTEX.ELG010A.2008.edi,3.547595306850561,-20.226588888888887,16.525802777777777,False
SAMTEX.NEN013.2006,SAMTEX.NEN013.2006.edi,3.9510108724856137,-19.84181111111111,20.422775,False
SAMTEX.kim004_L.2003-2006,SAMTEX.kim004_L.2003-2006.edi,4.669127081426278,-28.024616666666667,23.61916666666667,False
SAMTEX.ETO009A.2008,SAMTEX.ETO009A.2008.edi,5.0302465321779986,-20.673422222222225,15.364330555555556,False
SAMTEX.wita23.2004,SAMTEX.wita23.2004.edi,5.1854575636346345,-27.061866666666667,27.049530555555556,False
SAMTEX.bot207.2005,SAMTEX.bot207.2005.edi,5.606362752048871,-26.374616666666668,26.49138888888889,False
SAMTEX.kim005.2003-2006,SAMTEX.kim005.2003-2006.edi,5.889848377926699,-28.15881111111111,23.788975,False
SAMTEX.kap056.2003,SAMTEX.kap056.2003.edi,6.9629431225642815,-24.77860833333333,27.475555555555555,False
SAMTEX.dmb013.2006,SAMTEX.dmb013.2006.edi,7.372135335754938,-20.354561111111114,18.345052777777777,False
SAMTEX.bot417.2005,SAMTEX.bot417.2005.edi,8.105418611250649,-22.777116666666664,26.401941666666666,False
SAMTEX.bot201.2005,SAMTEX.bot201.2005.edi,8.34227145939721,-27.038783333333335,27.41638888888889,False
SAMTEX.win042.2006,SAMTEX.win042.2006.edi,9.57728431083784,-22.81795,16.280555555555555,False
SAMTEX.kim441.2004,SAMTEX.kim441.2004.edi,15.328404714762494,-22.85158888888889,17.211191666666664,False
SAMTEX.zim115.2005,SAMTEX.zim115.2005.edi,18.312266623149817,-20.516561111111113,26.38,False
SAMTEX.bot403.2005,SAMTEX.bot403.2005.edi,22.42540286352981,-25.034519444444445,25.325916666666668,False
SAMTEX.kap036.2003,SAMTEX.kap036.2003.edi,51.99808791454822,-27.54211666666667,25.031941666666665,False
SAMTEX.rtz208.2005,SAMTEX.rtz208.2005.edi,53.97010636869848,-25.405830555555553,24.278055555555554,False
SAMTEX.kim440.2004,SAMTEX.kim440.2004.edi,72.44076625236264,-22.974644444444444,17.379358333333332,False
SAMTEX.LOW012A_auto.tru.2008,SAMTEX.LOW012A_auto.tru.2008.edi,78.4519462243246,-24.219394444444443,30.75922222222222,False
PRIDE.ZAM12B_RH_ZAM13B.2011-2012,PRIDE.ZAM12B_RH_ZAM13B.2011-2012.edi,120.69913773142848,-16.32438888888889,22.13191666666667,False
