Site,File,Skew,Lat,Lon,Is1D,Tectonic_Unit
SAMTEX.kim420.2004,SAMTEX.kim420.2004.edi,0.0284704488272637,-25.35547777777778,20.26175,True,paleoproterozoic_shields
SAMTEX.mof112.2005,SAMTEX.mof112.2005.edi,0.0288251541512916,-21.147116666666665,24.623608333333333,True,paleoproterozoic_belts
SAMTEX.bot407.2005,SAMTEX.bot407.2005.edi,0.0292917118578589,-24.34572777777778,25.52583055555555,True,archean
SAMTEX.kim423.2004,SAMTEX.kim423.2004.edi,0.029474064456947,-24.994644444444447,19.834249999999997,True,paleoproterozoic_shields
SAMTEX.kim429.2004,SAMTEX.kim429.2004.edi,0.0325951390627606,-24.26992222222222,18.97036111111111,True,paleoproterozoic_shields
SAMTEX.kim314.2003-2006,SAMTEX.kim314.2003-2006.edi,0.0332184784793916,-29.46300555555555,25.394991666666662,True,archean
SAMTEX.kim430.2004,SAMTEX.kim430.2004.edi,0.0333349511484501,-24.147144444444443,18.825083333333332,True,paleoproterozoic_shields
SAMTEX.kal019.2008,SAMTEX.kal019.2008.edi,0.0336980444109295,-22.385838888888888,25.047027777777775,True,limpopo
SAMTEX.mof107.2005,SAMTEX.mof107.2005.edi,0.03494826322031,-20.456005555555556,24.490555555555556,True,paleoproterozoic_belts
SAMTEX.kim432.2004,SAMTEX.kim432.2004.edi,0.0352695522472173,-23.91631111111111,18.546750000000003,True,paleoproterozoic_shields
SAMTEX.kim428.2004,SAMTEX.kim428.2004.edi,0.0353993175916459,-24.401588888888888,19.12491388888889,True,paleoproterozoic_shields
SAMTEX.kim413.2004,SAMTEX.kim413.2004.edi,0.0361537298070037,-26.15214444444444,21.22175,True,paleoproterozoic_shields
SAMTEX.GIB006A.2008,SAMTEX.GIB006A.2008.edi,0.0392005213998291,-24.8462,18.82702777777778,True,paleoproterozoic_shields
SAMTEX.san008.2008,SAMTEX.san008.2008.edi,0.0392689171226982,-22.12839444444445,24.176858333333335,True,limpopo
SAMTEX.san006.2008,SAMTEX.san006.2008.edi,0.0393133720052728,-22.48900555555556,24.169469444444445,True,limpopo
SAMTEX.bot420.2005,SAMTEX.bot420.2005.edi,0.0403474912728158,-22.293533333333336,26.76758055555555,True,limpopo
SAMTEX.dmb035.2006,SAMTEX.dmb035.2006.edi,0.0414800765948906,-24.301561111111113,19.254719444444444,True,paleoproterozoic_shields
SAMTEX.kim011.2003-2006,SAMTEX.kim011.2003-2006.edi,0.0425347324340948,-29.024441666666664,24.85527777777778,True,archean
SAMTEX.kim426.2004,SAMTEX.kim426.2004.edi,0.0430237552191158,-24.621033333333333,19.41647222222222,True,paleoproterozoic_shields
SAMTEX.k2g008.2006,SAMTEX.k2g008.2006.edi,0.0430297534539565,-22.83156111111111,22.04305555555556,True,paleoproterozoic_belts
SAMTEX.san002.2008,SAMTEX.san002.2008.edi,0.0436892061913234,-23.142588888888888,24.283969444444445,True,limpopo
SAMTEX.kim431.2004,SAMTEX.kim431.2004.edi,0.0442059242329126,-24.056033333333335,18.66813888888889,True,paleoproterozoic_shields
SAMTEX.rtz416.2005,SAMTEX.rtz416.2005.edi,0.0447685621032742,-23.71545,21.102777777777774,True,paleoproterozoic_shields
SAMTEX.kim425.2004,SAMTEX.kim425.2004.edi,0.0452851515407257,-24.739894444444445,19.549719444444445,True,paleoproterozoic_shields
SAMTEX.sso107.2005,SAMTEX.sso107.2005.edi,0.0459262792887033,-22.524444444444445,26.963886111111112,True,limpopo
SAMTEX.bot227.2005,SAMTEX.bot227.2005.edi,0.0467097258602438,-24.248505555555557,23.29416666666667,True,archean
SAMTEX.san007.2008,SAMTEX.san007.2008.edi,0.0471813950309346,-22.313144444444447,24.17230277777778,True,limpopo
SAMTEX.dmb033.2006,SAMTEX.dmb033.2006.edi,0.0477699377468506,-23.97853333333333,19.23311111111111,True,paleoproterozoic_shields
SAMTEX.kim427.2004,SAMTEX.kim427.2004.edi,0.0481242967209755,-24.510755555555555,19.25175,True,paleoproterozoic_shields
SAMTEX.CPV001.2006,SAMTEX.CPV001.2006.edi,0.0481380268230189,-17.859811111111114,19.136552777777776,True,paleoproterozoic_shields
SAMTEX.san003.2008,SAMTEX.san003.2008.edi,0.0481891980999443,-22.969838888888887,24.174719444444445,True,limpopo
SAMTEX.mof108.2005,SAMTEX.mof108.2005.edi,0.0487066776980996,-20.618783333333333,24.415555555555553,True,paleoproterozoic_belts
SAMTEX.kim419.2004,SAMTEX.kim419.2004.edi,0.0505056616131386,-25.47853333333333,20.442305555555556,True,paleoproterozoic_shields
SAMTEX.k2g011.2006,SAMTEX.k2g011.2006.edi,0.0532206037626128,-23.217366666666663,22.371694444444444,True,archean
SAMTEX.kal022.2008,SAMTEX.kal022.2008.edi,0.0534442291134805,-22.05583888888889,25.512108333333337,True,limpopo
SAMTEX.mof114.2005,SAMTEX.mof114.2005.edi,0.0554134508619503,-21.252394444444445,24.956108333333333,True,limpopo
SAMTEX.sso108.2005,SAMTEX.sso108.2005.edi,0.0556283167563984,-22.433330555555557,26.835830555555553,True,limpopo
SAMTEX.kal021.2008,SAMTEX.kal021.2008.edi,0.0570455212896354,-22.175116666666668,25.34521944444444,True,limpopo
SAMTEX.kal016.2008,SAMTEX.kal016.2008.edi,0.057113101926734,-22.640394444444443,24.551358333333333,True,limpopo
SAMTEX.mof111.2005,SAMTEX.mof111.2005.edi,0.0573939636095897,-21.09100555555555,24.447777777777777,True,paleoproterozoic_belts
SAMTEX.k2g009.2006,SAMTEX.k2g009.2006.edi,0.0575869693351276,-22.933200000000003,22.13288888888889,True,paleoproterozoic_belts
SAMTEX.dmb031.2006,SAMTEX.dmb031.2006.edi,0.0578339716803942,-23.634977777777777,19.121583333333337,True,paleoproterozoic_shields
SAMTEX.rtz407.2005,SAMTEX.rtz407.2005.edi,0.0594293900801759,-24.57656111111111,22.259441666666667,True,archean
SAMTEX.bot231.2005,SAMTEX.bot231.2005.edi,0.0598209357114293,-23.670755555555555,22.74119444444445,True,archean
SAMTEX.rtz414.2005,SAMTEX.rtz414.2005.edi,0.0600276469865523,-23.843330555555553,21.465555555555554,True,paleoproterozoic_shields
SAMTEX.kim424.2004,SAMTEX.kim424.2004.edi,0.060309990983979,-24.83992222222222,19.68925,True,paleoproterozoic_shields
SAMTEX.mol105.2005,SAMTEX.mol105.2005.edi,0.0603645822420662,-23.860555555555557,24.86638611111111,True,archean
SAMTEX.rtz419.2005,SAMTEX.rtz419.2005.edi,0.0605467196640446,-23.55072777777778,20.568608333333337,True,paleoproterozoic_shields
SAMTEX.kal012.2008,SAMTEX.kal012.2008.edi,0.0622199427522442,-22.510533333333335,23.83621944444444,True,limpopo
SAMTEX.mof109.2005,SAMTEX.mof109.2005.edi,0.0624620025814887,-20.79322777777778,24.369441666666667,True,paleoproterozoic_belts
SAMTEX.ELZ294A.2008,SAMTEX.ELZ294A.2008.edi,0.0626349622195354,-17.711672222222223,24.511941666666665,True,mesoproterozoic_belts
SAMTEX.mof101.2005,SAMTEX.mof101.2005.edi,0.0631053762203789,-20.05295,23.479999999999997,True,mesoproterozoic_belts
SAMTEX.bot228.2005,SAMTEX.bot228.2005.edi,0.0636465651348456,-24.13992222222222,23.144805555555553,True,archean
SAMTEX.rtz401.2005,SAMTEX.rtz401.2005.edi,0.0648947418941724,-24.23600555555556,23.245,True,archean
SAMTEX.kof009.2004,SAMTEX.kof009.2004.edi,0.0649152813697242,-27.99888888888889,26.089719444444444,True,archean
SAMTEX.mak006.2006,SAMTEX.mak006.2006.edi,0.0652892729377278,-20.210277777777776,25.091388888888886,True,paleoproterozoic_belts
SAMTEX.san009.2008,SAMTEX.san009.2008.edi,0.0658599807807697,-22.021838888888887,24.045580555555556,True,limpopo
SAMTEX.kal023.2008,SAMTEX.kal023.2008.edi,0.0659221644535124,-21.938616666666668,25.672997222222225,True,limpopo
SAMTEX.GIB010A.2008,SAMTEX.GIB010A.2008.edi,0.06626523912808,-25.119366666666668,18.02861111111111,True,paleoproterozoic_shields
SAMTEX.kal009.2008,SAMTEX.kal009.2008.edi,0.0663979748017298,-22.367116666666668,23.2385,True,archean
SAMTEX.kal018.2008,SAMTEX.kal018.2008.edi,0.0664506073749358,-22.472116666666665,24.866469444444444,True,limpopo
SAMTEX.rtz413.2005,SAMTEX.rtz413.2005.edi,0.0672784445420552,-23.939061111111112,21.6325,True,paleoproterozoic_shields
SAMTEX.RAK022A.2008,SAMTEX.RAK022A.2008.edi,0.0675895977428576,-17.737033333333333,18.406469444444443,True,paleoproterozoic_shields
SAMTEX.kim412.2004,SAMTEX.kim412.2004.edi,0.0680123809109991,-26.28658888888889,21.41952777777778,True,paleoproterozoic_shields
SAMTEX.ELZ192A.2008,SAMTEX.ELZ192A.2008.edi,0.0693094207525754,-17.67272777777778,24.29319166666667,True,mesoproterozoic_belts
SAMTEX.mof119.2005,SAMTEX.mof119.2005.edi,0.0693529405609387,-21.31739444444445,25.83360833333333,True,limpopo
SAMTEX.kal024.2008,SAMTEX.kal024.2008.edi,0.0711574006238089,-21.829894444444445,25.822941666666665,True,limpopo
SAMTEX.bot226.2005,SAMTEX.bot226.2005.edi,0.0733287957270857,-24.32742222222222,23.460083333333333,True,archean
SAMTEX.zim104.2005,SAMTEX.zim104.2005.edi,0.073419558814052,-21.934338888888888,27.325,True,archean
SAMTEX.dmb001.2006,SAMTEX.dmb001.2006.edi,0.0736327522448811,-18.312116666666668,17.998330555555558,True,paleoproterozoic_shields
SAMTEX.zim101.2005,SAMTEX.zim101.2005.edi,0.0737079364243744,-22.46545,27.19,True,limpopo
SAMTEX.mof113.2005,SAMTEX.mof113.2005.edi,0.0747912678106516,-21.17183888888889,24.788608333333336,True,paleoproterozoic_belts
SAMTEX.sso106.2005,SAMTEX.sso106.2005.edi,0.0756808170196482,-22.645275,27.12,True,limpopo
SAMTEX.san011.2008,SAMTEX.san011.2008.edi,0.0760339767712657,-21.6532,24.065830555555557,True,paleoproterozoic_belts
SAMTEX.rtz415.2005,SAMTEX.rtz415.2005.edi,0.0767556786770825,-23.786311111111115,21.277305555555554,True,paleoproterozoic_shields
SAMTEX.bot414.2005,SAMTEX.bot414.2005.edi,0.0768294732211742,-23.21433888888889,26.0575,True,limpopo
SAMTEX.kap009.2003,SAMTEX.kap009.2003.edi,0.0774941660982815,-31.27795,21.300830555555557,True,mesoproterozoic_belts
SAMTEX.kim422.2004,SAMTEX.kim422.2004.edi,0.0778854804449639,-25.10686666666667,19.952027777777776,True,paleoproterozoic_shields
SAMTEX.rtz417.2005,SAMTEX.rtz417.2005.edi,0.0779792326134112,-23.630477777777777,20.926194444444445,True,paleoproterozoic_shields
SAMTEX.sso109.2005,SAMTEX.sso109.2005.edi,0.0783580969358983,-22.28721944444445,26.777219444444444,True,limpopo
SAMTEX.san010.2008,SAMTEX.san010.2008.edi,0.0785001332731715,-21.84683888888889,23.990886111111113,True,paleoproterozoic_belts
SAMTEX.mak009.2006,SAMTEX.mak009.2006.edi,0.0785404569044738,-20.19856111111111,24.51113611111111,True,paleoproterozoic_belts
SAMTEX.dmb030.2006,SAMTEX.dmb030.2006.edi,0.0787351197403699,-23.453477777777778,19.110997222222224,True,paleoproterozoic_shields
SAMTEX.bot230.2005,SAMTEX.bot230.2005.edi,0.0789809331072281,-23.810727777777775,22.901666666666664,True,archean
SAMTEX.oka003.2006,SAMTEX.oka003.2006.edi,0.0800304062519829,-20.182394444444444,22.463858333333334,True,mesoproterozoic_belts
SAMTEX.k2g010.2006,SAMTEX.k2g010.2006.edi,0.0804523842450157,-23.0877,22.252416666666665,True,archean
SAMTEX.RAK025A.2008,SAMTEX.RAK025A.2008.edi,0.0806213902304555,-17.833283333333334,18.940080555555557,True,paleoproterozoic_shields
SAMTEX.NEN021.2006,SAMTEX.NEN021.2006.edi,0.0822752965480135,-18.454533333333337,20.024775,True,paleoproterozoic_shields
SAMTEX.bot413.2005,SAMTEX.bot413.2005.edi,0.0835083753395052,-23.35072777777778,25.86305555555556,True,limpopo
SAMTEX.mof110.2005,SAMTEX.mof110.2005.edi,0.083762321619441,-20.96795,24.363330555555557,True,paleoproterozoic_belts
SAMTEX.kal017.2008,SAMTEX.kal017.2008.edi,0.0838093155476053,-22.6447,24.75638888888889,True,limpopo
SAMTEX.rtz420.2005,SAMTEX.rtz420.2005.edi,0.0838200683674518,-23.434644444444444,20.418972222222223,True,paleoproterozoic_shields
SAMTEX.RAK024A.2008,SAMTEX.RAK024A.2008.edi,0.0840506959639529,-17.834755555555553,18.76166388888889,True,paleoproterozoic_shields
SAMTEX.rtz403.2005,SAMTEX.rtz403.2005.edi,0.0860088455854884,-24.34221944444444,22.880830555555555,True,archean
SAMTEX.mol102.2005,SAMTEX.mol102.2005.edi,0.0865116911048443,-24.247222222222224,25.27694444444444,True,archean
SAMTEX.oka002.2006,SAMTEX.oka002.2006.edi,0.0875795684288722,-20.330783333333333,22.62063611111111,True,mesoproterozoic_belts
SAMTEX.RAK054A.2008,SAMTEX.RAK054A.2008.edi,0.0875994604076504,-17.801255555555556,24.619052777777775,True,mesoproterozoic_belts
SAMTEX.KXT005A_auto.tru.2008,SAMTEX.KXT005A_auto.tru.2008.edi,0.0883228964370274,-30.788144444444445,27.102061111111112,True,mesoproterozoic_belts
PRIDE.ZAM14B_RH_ZAM15B.2011-2012,PRIDE.ZAM14B_RH_ZAM15B.2011-2012.edi,0.0885020986855067,-16.349805555555555,22.497691666666668,True,neoproterozoic
SAMTEX.zim120.2005,SAMTEX.zim120.2005.edi,0.08920995622601,-19.68656111111111,26.043330555555556,True,paleoproterozoic_belts
SAMTEX.kap006.2003,SAMTEX.kap006.2003.edi,0.0898644720476081,-31.672394444444446,20.921108333333333,True,mesoproterozoic_belts
SAMTEX.CPV002.2006,SAMTEX.CPV002.2006.edi,0.0899340572836463,-17.878144444444445,19.337302777777776,True,paleoproterozoic_shields
SAMTEX.bot410.2005,SAMTEX.bot410.2005.edi,0.0899901788574125,-23.853505555555557,25.69555555555555,True,archean
SAMTEX.kof008.2004,SAMTEX.kof008.2004.edi,0.0901796756842982,-28.104166666666668,25.966666666666665,True,archean
SAMTEX.kof006.2004,SAMTEX.kof006.2004.edi,0.0911816583460144,-28.37638888888889,25.650555555555552,True,archean
SAMTEX.kof007.2004,SAMTEX.kof007.2004.edi,0.0918052396244059,-28.27545,25.809166666666663,True,archean
SAMTEX.wita42.2005,SAMTEX.wita42.2005.edi,0.0919434092897888,-27.019366666666667,27.677583333333335,True,archean
SAMTEX.rtz424.2005,SAMTEX.rtz424.2005.edi,0.0921117093019792,-22.761311111111112,20.217858333333332,True,paleoproterozoic_shields
SAMTEX.dmb102A.2006,SAMTEX.dmb102A.2006.edi,0.0924042998151572,-18.012866666666667,18.000080555555556,True,paleoproterozoic_shields
SAMTEX.kim020.2003-2006,SAMTEX.kim020.2003-2006.edi,0.0925468697248831,-30.079366666666665,26.169530555555557,True,archean
SAMTEX.k2g013.2006,SAMTEX.k2g013.2006.edi,0.0932145479376478,-23.49950555555556,22.604861111111113,True,archean
SAMTEX.GIB004A.2008,SAMTEX.GIB004A.2008.edi,0.0932720108403133,-24.72545,19.24286111111111,True,paleoproterozoic_shields
SAMTEX.k2g007.2006,SAMTEX.k2g007.2006.edi,0.0934017439673887,-22.634866666666667,21.92005277777778,True,paleoproterozoic_belts
SAMTEX.mak010.2006,SAMTEX.mak010.2006.edi,0.0934637954028879,-20.18783888888889,24.34230277777778,True,paleoproterozoic_shields
SAMTEX.oka006.2006,SAMTEX.oka006.2006.edi,0.0955936823610722,-19.7157,22.193136111111112,True,neoproterozoic
SAMTEX.CPV029.2006,SAMTEX.CPV029.2006.edi,0.0957285105210336,-17.638394444444444,24.212552777777777,True,neoproterozoic
SAMTEX.mol107.2005,SAMTEX.mol107.2005.edi,0.0979491016648947,-23.566666666666663,24.721944444444443,True,archean
SAMTEX.rtz418.2005,SAMTEX.rtz418.2005.edi,0.0981763053462441,-23.531941666666665,20.765,True,paleoproterozoic_shields
SAMTEX.kal020.2008,SAMTEX.kal020.2008.edi,0.0984772175203566,-22.27667222222222,25.204580555555555,True,limpopo
PRIDE.ZAM31B_RH_ZAM39B.2011-2012,PRIDE.ZAM31B_RH_ZAM39B.2011-2012.edi,0.0991210338773864,-14.966080555555555,24.319666666666667,True,neoproterozoic
SAMTEX.mol101.2005,SAMTEX.mol101.2005.edi,0.0998393689769028,-24.353608333333337,25.42638888888889,True,archean
SAMTEX.bot408.2005,SAMTEX.bot408.2005.edi,0.1009943128936667,-24.17045,25.603608333333337,True,archean
SAMTEX.RAK019A.2008,SAMTEX.RAK019A.2008.edi,0.1010401117707736,-17.614394444444446,17.78946666666667,True,paleoproterozoic_shields
SAMTEX.san012.2008,SAMTEX.san012.2008.edi,0.1012089843324342,-21.460366666666665,24.14474722222222,True,paleoproterozoic_belts
SAMTEX.bot406.2005,SAMTEX.bot406.2005.edi,0.1017230825663354,-24.523533333333333,25.51897222222222,True,archean
SAMTEX.kim435.2004,SAMTEX.kim435.2004.edi,0.1022002030285583,-23.59381111111111,18.124805555555557,True,paleoproterozoic_shields
SAMTEX.wita40.2005,SAMTEX.wita40.2005.edi,0.1026097085994206,-27.02242222222222,27.60814166666667,True,archean
SAMTEX.k2g006.2006,SAMTEX.k2g006.2006.edi,0.1037161499734006,-22.53017222222222,21.833108333333332,True,paleoproterozoic_belts
SAMTEX.k2g012.2006,SAMTEX.k2g012.2006.edi,0.1051326995022539,-23.36008888888889,22.488666666666667,True,archean
SAMTEX.mak002.2006,SAMTEX.mak002.2006.edi,0.105516470199454,-20.15608888888889,25.842552777777776,True,paleoproterozoic_belts
SAMTEX.kof005.2004,SAMTEX.kof005.2004.edi,0.1077381130397271,-28.54888888888889,25.55027777777778,True,archean
SAMTEX.ELZ291A.2008,SAMTEX.ELZ291A.2008.edi,0.1083042065943136,-17.723783333333333,23.930275,True,neoproterozoic
SAMTEX.k2g003.2006,SAMTEX.k2g003.2006.edi,0.1083804524883289,-22.02608888888889,21.53738611111111,True,paleoproterozoic_shields
SAMTEX.mof117.2005,SAMTEX.mof117.2005.edi,0.1084740250576816,-21.315727777777777,25.456666666666667,True,limpopo
PRIDE.ZAM01B_RH_ZAM03B.2011-2012,PRIDE.ZAM01B_RH_ZAM03B.2011-2012.edi,0.1086254001686341,-17.447219444444446,24.21527777777778,True,neoproterozoic
SAMTEX.zim119.2005,SAMTEX.zim119.2005.edi,0.1086564994512211,-19.884061111111112,26.139719444444445,True,paleoproterozoic_belts
SAMTEX.bot411.2005,SAMTEX.bot411.2005.edi,0.1100953022999221,-23.67322777777778,25.761666666666667,True,archean
SAMTEX.CPV005.2006,SAMTEX.CPV005.2006.edi,0.1104261454258782,-17.923450000000003,19.938525,True,paleoproterozoic_shields
SAMTEX.kap020.2003,SAMTEX.kap020.2003.edi,0.1105621728506604,-29.804616666666668,22.855,True,archean
SAMTEX.kap013.2003,SAMTEX.kap013.2003.edi,0.1115329222588648,-30.73444166666667,21.89110833333333,True,mesoproterozoic_belts
SAMTEX.mof115.2005,SAMTEX.mof115.2005.edi,0.1117755512286376,-21.28795,25.1375,True,limpopo
SAMTEX.bota13.2005,SAMTEX.bota13.2005.edi,0.1119845586838729,-25.59378333333333,25.565830555555557,True,archean
SAMTEX.zim128.2005,SAMTEX.zim128.2005.edi,0.1132391944761656,-18.41933888888889,25.524441666666664,True,mesoproterozoic_belts
SAMTEX.rtz207.2005,SAMTEX.rtz207.2005.edi,0.1134912436593254,-25.39378333333333,24.46333055555555,True,archean
SAMTEX.mof125.2005,SAMTEX.mof125.2005.edi,0.113519561556657,-21.08545,26.913888888888888,True,archean
SAMTEX.dmb004.2006,SAMTEX.dmb004.2006.edi,0.1136137206378848,-18.832116666666668,18.093774999999997,True,paleoproterozoic_shields
SAMTEX.mol108.2005,SAMTEX.mol108.2005.edi,0.1138559835978843,-23.405555555555555,24.666663888888888,True,archean
SAMTEX.botb13.2005,SAMTEX.botb13.2005.edi,0.1139317734755922,-25.41933888888889,25.604166666666668,True,archean
SAMTEX.zim130.2005,SAMTEX.zim130.2005.edi,0.1144831205972998,-18.085727777777777,25.295,True,mesoproterozoic_belts
SAMTEX.mof118.2005,SAMTEX.mof118.2005.edi,0.1160974778666473,-21.31545,25.642219444444443,True,limpopo
SAMTEX.kal001.2008,SAMTEX.kal001.2008.edi,0.1167123201056249,-21.99445,21.751719444444443,True,paleoproterozoic_shields
SAMTEX.kap018.2003,SAMTEX.kap018.2003.edi,0.1171979897886161,-30.084338888888887,22.57138888888889,True,paleoproterozoic_belts
SAMTEX.mof106.2005,SAMTEX.mof106.2005.edi,0.1186736674488316,-20.361283333333336,24.317777777777778,True,paleoproterozoic_shields
SAMTEX.NEN023.2006,SAMTEX.NEN023.2006.edi,0.1187597076168172,-18.10036666666667,19.952441666666665,True,paleoproterozoic_shields
SAMTEX.sso110.2005,SAMTEX.sso110.2005.edi,0.1198878670127654,-22.183888888888887,26.646666666666665,True,limpopo
SAMTEX.rtz411.2005,SAMTEX.rtz411.2005.edi,0.1208928053518497,-24.212777777777777,21.8475,True,paleoproterozoic_shields
SAMTEX.kim436.2004,SAMTEX.kim436.2004.edi,0.1210331918192602,-23.45381111111111,17.959527777777776,True,paleoproterozoic_shields
SAMTEX.zim109.2005,SAMTEX.zim109.2005.edi,0.1212676885092242,-21.04961666666667,27.383888888888887,True,archean
SAMTEX.k2g005.2006,SAMTEX.k2g005.2006.edi,0.1217736554852235,-22.388116666666665,21.718552777777777,True,paleoproterozoic_belts
SAMTEX.win020.2006,SAMTEX.win020.2006.edi,0.1225204416622561,-22.1782,20.377358333333333,True,paleoproterozoic_shields
SAMTEX.win016.2006,SAMTEX.win016.2006.edi,0.1228336277136098,-22.126672222222226,20.77813611111111,True,paleoproterozoic_shields
SAMTEX.zim127.2005,SAMTEX.zim127.2005.edi,0.1229501562772323,-18.558783333333334,25.618055555555557,True,mesoproterozoic_belts
SAMTEX.bot222.2005,SAMTEX.bot222.2005.edi,0.123755274035193,-24.569366666666667,24.29202777777778,True,archean
SAMTEX.win024.2006,SAMTEX.win024.2006.edi,0.1239166975724632,-22.31064444444445,19.69088888888889,True,paleoproterozoic_shields
SAMTEX.mak003.2006,SAMTEX.mak003.2006.edi,0.1241325945684416,-20.130116666666662,25.643719444444443,True,paleoproterozoic_belts
SAMTEX.mof105.2005,SAMTEX.mof105.2005.edi,0.1244577497351206,-20.252116666666662,24.206108333333333,True,paleoproterozoic_shields
SAMTEX.kap010.2003,SAMTEX.kap010.2003.edi,0.124582858556624,-31.14795,21.466941666666663,True,mesoproterozoic_belts
SAMTEX.mol104.2005,SAMTEX.mol104.2005.edi,0.124738818240956,-24.006663888888887,24.98638888888889,True,archean
SAMTEX.kim418.2004,SAMTEX.kim418.2004.edi,0.1247985672374167,-25.5602,20.56925,True,paleoproterozoic_shields
SAMTEX.win018.2006,SAMTEX.win018.2006.edi,0.1256445325248164,-22.119366666666668,21.162191666666665,True,paleoproterozoic_shields
SAMTEX.CPV008.2006,SAMTEX.CPV008.2006.edi,0.1262019580523465,-17.97795,20.446830555555557,True,paleoproterozoic_shields
SAMTEX.mof102.2005,SAMTEX.mof102.2005.edi,0.1274818142121939,-20.14545,23.648888888888887,True,mesoproterozoic_belts
SAMTEX.oka004.2006,SAMTEX.oka004.2006.edi,0.1275949712477062,-20.04833055555556,22.315830555555557,True,mesoproterozoic_belts
SAMTEX.k2g014.2006,SAMTEX.k2g014.2006.edi,0.1286427377068206,-23.649144444444445,22.71975,True,archean
SAMTEX.kim215.2003-2006,SAMTEX.kim215.2003-2006.edi,0.1286902223834928,-29.57016388888889,25.515238888888888,True,archean
PRIDE.ZAM001A_RH_ZAM00.2011-2012,PRIDE.ZAM001A_RH_ZAM00.2011-2012.edi,0.1301387238595023,-17.382805555555557,24.648191666666666,True,mesoproterozoic_belts
SAMTEX.CPV003.2006,SAMTEX.CPV003.2006.edi,0.1322931500135053,-17.892894444444444,19.509383333333332,True,paleoproterozoic_shields
SAMTEX.ETO012A.2008,SAMTEX.ETO012A.2008.edi,0.1324965747086156,-20.15478333333333,15.070691666666669,True,paleoproterozoic_belts
SAMTEX.dmb032.2006,SAMTEX.dmb032.2006.edi,0.1330779812750281,-23.788505555555556,19.231388888888887,True,paleoproterozoic_shields
SAMTEX.kim421.2004,SAMTEX.kim421.2004.edi,0.1331452080881487,-25.217699999999997,20.152027777777775,True,paleoproterozoic_shields
SAMTEX.kap034.2003,SAMTEX.kap034.2003.edi,0.1343641419311567,-27.85683888888889,24.684166666666663,True,archean
SAMTEX.kim009_H.2003-2006,SAMTEX.kim009_H.2003-2006.edi,0.1351930328817497,-28.734061111111114,24.5125,True,archean
SAMTEX.rtz202.2005,SAMTEX.rtz202.2005.edi,0.1354567481446645,-25.290000000000003,25.35333055555556,True,archean
PRIDE.ZAM34B_RH_ZAM40B.2011-2012,PRIDE.ZAM34B_RH_ZAM40B.2011-2012.edi,0.1367845374221247,-14.710691666666666,24.553055555555556,True,neoproterozoic
SAMTEX.kap012.2003,SAMTEX.kap012.2003.edi,0.1380222054896833,-30.86822777777778,21.743055555555557,True,mesoproterozoic_belts
SAMTEX.wita38.2005,SAMTEX.wita38.2005.edi,0.1381084152073654,-27.029644444444443,27.54814166666667,True,archean
SAMTEX.kap024.2003,SAMTEX.kap024.2003.edi,0.1381087896663674,-29.234894444444446,23.37,True,archean
SAMTEX.wita48.2005,SAMTEX.wita48.2005.edi,0.1391218844230191,-26.98742222222222,27.880916666666668,True,archean
SAMTEX.bot412.2005,SAMTEX.bot412.2005.edi,0.1391433078107219,-23.509616666666663,25.773888888888887,True,archean
SAMTEX.mof127.2005,SAMTEX.mof127.2005.edi,0.1401978848667435,-21.093505555555556,27.2875,True,archean
SAMTEX.oka008.2006,SAMTEX.oka008.2006.edi,0.1403078505780439,-19.38136666666667,22.156441666666662,True,neoproterozoic
SAMTEX.kal014.2008,SAMTEX.kal014.2008.edi,0.1406940202265042,-22.640866666666668,24.168277777777774,True,limpopo
SAMTEX.GIB018a.true.2008,SAMTEX.GIB018a.true.2008.edi,0.141092977330063,-25.391644444444445,16.37211111111111,True,mesoproterozoic_belts
SAMTEX.zim126.2005,SAMTEX.zim126.2005.edi,0.1411689947358505,-18.728783333333332,25.60194166666667,True,paleoproterozoic_belts
SAMTEX.CPV027.2006,SAMTEX.CPV027.2006.edi,0.1413165180895164,-17.710283333333333,23.860691666666668,True,neoproterozoic
SAMTEX.dmb101A.2006,SAMTEX.dmb101A.2006.edi,0.1415331777323502,-17.842616666666665,18.000855555555557,True,paleoproterozoic_shields
SAMTEX.kap042.2003,SAMTEX.kap042.2003.edi,0.1425916110095027,-26.768505555555553,25.72,True,archean
SAMTEX.dmb029.2006,SAMTEX.dmb029.2006.edi,0.1427728901043033,-23.283255555555556,19.018219444444444,True,paleoproterozoic_shields
SAMTEX.kap023.2003,SAMTEX.kap023.2003.edi,0.1433298747403871,-29.362672222222223,23.235277777777775,True,archean
SAMTEX.kap017.2003,SAMTEX.kap017.2003.edi,0.1434682557164794,-30.21878333333333,22.413888888888888,True,mesoproterozoic_belts
SAMTEX.san001.2008,SAMTEX.san001.2008.edi,0.1436636640314857,-23.317616666666662,24.43797222222222,True,limpopo
SAMTEX.RAK011A.2008,SAMTEX.RAK011A.2008.edi,0.1443965372815078,-17.514644444444443,16.165633333333332,True,paleoproterozoic_shields
SAMTEX.mof120.2005,SAMTEX.mof120.2005.edi,0.1456766386882421,-21.323505555555556,26.025,True,limpopo
SAMTEX.win004.2006,SAMTEX.win004.2006.edi,0.145773288768262,-20.34564444444444,22.965497222222226,True,mesoproterozoic_belts
PRIDE.ZAM21B_RH_ZAM20B.2011-2012,PRIDE.ZAM21B_RH_ZAM20B.2011-2012.edi,0.1465850622864999,-16.00713888888889,23.336277777777777,True,neoproterozoic
PRIDE.ZAM011A_RH_ZAM00.2011-2012,PRIDE.ZAM011A_RH_ZAM00.2011-2012.edi,0.1466956402331498,-15.83025,24.99688888888889,True,neoproterozoic
SAMTEX.ETO013A.2008,SAMTEX.ETO013A.2008.edi,0.1468089807565017,-19.98056111111111,14.975219444444445,True,paleoproterozoic_belts
SAMTEX.bot205.2005,SAMTEX.bot205.2005.edi,0.1474308798527913,-26.57795,26.818608333333337,True,archean
SAMTEX.kim016.2003-2006,SAMTEX.kim016.2003-2006.edi,0.1482786011923426,-29.64433888888889,25.616388888888892,True,archean
SAMTEX.kim411.2004,SAMTEX.kim411.2004.edi,0.1484355516524298,-26.381033333333335,21.563694444444444,True,paleoproterozoic_shields
SAMTEX.kap060.2003,SAMTEX.kap060.2003.edi,0.148547379737916,-24.234061111111114,28.006108333333337,True,archean
SAMTEX.dmb017.2006,SAMTEX.dmb017.2006.edi,0.1486510532029592,-21.19183888888889,18.524441666666664,True,neoproterozoic
SAMTEX.KXT003A_auto.tru.2008,SAMTEX.KXT003A_auto.tru.2008.edi,0.1493233742720866,-30.537755555555556,26.787669444444447,True,archean
SAMTEX.mak008.2006,SAMTEX.mak008.2006.edi,0.1501208264224177,-20.24472777777778,24.70838611111111,True,paleoproterozoic_belts
SAMTEX.kap003.2003,SAMTEX.kap003.2003.edi,0.1502465076726408,-32.13933888888889,20.4675,True,mesoproterozoic_belts
SAMTEX.kap005.2003,SAMTEX.kap005.2003.edi,0.1510264825233198,-31.83156111111111,20.7775,True,mesoproterozoic_belts
SAMTEX.dmb010.2006,SAMTEX.dmb010.2006.edi,0.1510779682487587,-19.88045,18.304441666666666,True,neoproterozoic
SAMTEX.wita16.2004,SAMTEX.wita16.2004.edi,0.1511578929022075,-27.060755555555556,26.830083333333334,True,archean
SAMTEX.sso102.2005,SAMTEX.sso102.2005.edi,0.1516107153639045,-22.87166388888889,27.781941666666665,True,limpopo
SAMTEX.kap068.2003,SAMTEX.kap068.2003.edi,0.1519423509939176,-23.174441666666667,28.948055555555555,True,archean
SAMTEX.kap067.2003,SAMTEX.kap067.2003.edi,0.1519423971823439,-23.174441666666667,28.948055555555555,True,archean
SAMTEX.win013.2006,SAMTEX.win013.2006.edi,0.1523836531628943,-21.571727777777777,21.822441666666663,True,paleoproterozoic_shields
SAMTEX.k2g004.2006,SAMTEX.k2g004.2006.edi,0.1525988269739723,-22.18506111111111,21.595913888888887,True,paleoproterozoic_shields
SAMTEX.bot229.2005,SAMTEX.bot229.2005.edi,0.1527149800283956,-23.965477777777775,22.998416666666667,True,archean
SAMTEX.kal010.2008,SAMTEX.kal010.2008.edi,0.1531580041800829,-22.370144444444445,23.43588888888889,True,limpopo
SAMTEX.rtz409.2005,SAMTEX.rtz409.2005.edi,0.153920157633925,-24.57158888888889,21.90647222222222,True,paleoproterozoic_shields
SAMTEX.sso115.2005,SAMTEX.sso115.2005.edi,0.1539782049372224,-21.739719444444447,25.924997222222224,True,limpopo
SAMTEX.kap074.2003,SAMTEX.kap074.2003.edi,0.1550151917650475,-22.30989444444445,29.718055555555555,True,limpopo
SAMTEX.RAK017A.2008,SAMTEX.RAK017A.2008.edi,0.1556460303909439,-17.616255555555558,17.390302777777777,True,paleoproterozoic_shields
SAMTEX.CPV025.2006,SAMTEX.CPV025.2006.edi,0.1556565230313447,-17.76245,23.462941666666666,True,neoproterozoic
SAMTEX.kal011.2008,SAMTEX.kal011.2008.edi,0.1565526874070062,-22.372311111111113,23.639913888888888,True,limpopo
SAMTEX.bot416.2005,SAMTEX.bot416.2005.edi,0.1569011862542475,-22.96600555555555,26.37638888888889,True,limpopo
SAMTEX.GIB014A.2008,SAMTEX.GIB014A.2008.edi,0.1588308830750156,-25.13845,17.182083333333335,True,paleoproterozoic_shields
SAMTEX.zim102.2005,SAMTEX.zim102.2005.edi,0.1588916903497698,-22.24295,27.256666666666668,True,limpopo
PRIDE.ZAM009A_RH_ZAM01.2011-2012,PRIDE.ZAM009A_RH_ZAM01.2011-2012.edi,0.1614442938706959,-16.185,25.037358333333337,True,neoproterozoic
SAMTEX.KXT004A_auto.tru.2008,SAMTEX.KXT004A_auto.tru.2008.edi,0.162403948815185,-30.681283333333333,26.94469722222222,True,mesoproterozoic_belts
SAMTEX.kal007.2008,SAMTEX.kal007.2008.edi,0.1628446065886983,-22.275866666666666,22.86966388888889,True,archean
SAMTEX.LOW006B_auto.tru.2008,SAMTEX.LOW006B_auto.tru.2008.edi,0.1630055326209186,-23.20331111111111,30.302305555555556,True,archean
SAMTEX.zim108.2005,SAMTEX.zim108.2005.edi,0.1636407123014605,-21.24545,27.506108333333337,True,archean
SAMTEX.mak004.2006,SAMTEX.mak004.2006.edi,0.1637820090078148,-20.15731111111111,25.458413888888888,True,paleoproterozoic_belts
SAMTEX.KXT002A_auto.tru.2008,SAMTEX.KXT002A_auto.tru.2008.edi,0.1638504527859684,-30.43564444444445,26.61628055555556,True,archean
SAMTEX.ETO018A.2008,SAMTEX.ETO018A.2008.edi,0.1639929230018088,-19.17058888888889,14.381691666666669,True,paleoproterozoic_belts
SAMTEX.bot415.2005,SAMTEX.bot415.2005.edi,0.1651311980560533,-23.139366666666668,26.244247222222224,True,limpopo
SAMTEX.NEN020.2006,SAMTEX.NEN020.2006.edi,0.1668400755590737,-18.608394444444446,20.077275,True,paleoproterozoic_shields
SAMTEX.san014.2008,SAMTEX.san014.2008.edi,0.1696876788519142,-21.097366666666662,24.181941666666667,True,paleoproterozoic_belts
SAMTEX.mof104.2005,SAMTEX.mof104.2005.edi,0.169951229037946,-20.179616666666668,24.03,True,mesoproterozoic_belts
SAMTEX.KXT008A_auto.tru.2008,SAMTEX.KXT008A_auto.tru.2008.edi,0.1705799971224757,-31.175422222222224,27.575033333333337,True,mesoproterozoic_belts
SAMTEX.dmb008.2006,SAMTEX.dmb008.2006.edi,0.1712214909043229,-19.569616666666665,18.14527777777778,True,paleoproterozoic_shields
SAMTEX.bot218.2005,SAMTEX.bot218.2005.edi,0.172173977362354,-24.79322777777778,24.995,True,archean
SAMTEX.dmb022.2006,SAMTEX.dmb022.2006.edi,0.1723768950330054,-22.02045,18.834163888888888,True,mesoproterozoic_belts
SAMTEX.rtzf01.2005,SAMTEX.rtzf01.2005.edi,0.1723773302620589,-23.96631111111111,21.72675,True,paleoproterozoic_shields
SAMTEX.sso117.2005,SAMTEX.sso117.2005.edi,0.1727691033137512,-21.548055555555557,25.657497222222226,True,limpopo
SAMTEX.wita18.2004,SAMTEX.wita18.2004.edi,0.1733514435584464,-27.05908888888889,26.886475,True,archean
SAMTEX.win003.2006,SAMTEX.win003.2006.edi,0.1745537606932617,-20.256922222222222,23.140775,True,mesoproterozoic_belts
SAMTEX.win037.2006,SAMTEX.win037.2006.edi,0.1746674675075172,-22.53183888888889,17.201666666666664,True,neoproterozoic
SAMTEX.dmb014.2006,SAMTEX.dmb014.2006.edi,0.1751089539318513,-20.601144444444447,18.372636111111113,True,neoproterozoic
PRIDE.ZAM16B_RH_ZAM15B.2011-2012,PRIDE.ZAM16B_RH_ZAM15B.2011-2012.edi,0.1781281226760739,-16.38660833333333,22.868277777777777,True,neoproterozoic
SAMTEX.NEN003.2006,SAMTEX.NEN003.2006.edi,0.1785555303047085,-21.63206111111111,20.853275,True,mesoproterozoic_belts
SAMTEX.zim125.2005,SAMTEX.zim125.2005.edi,0.1787884544377561,-18.89545,25.624441666666662,True,paleoproterozoic_belts
SAMTEX.RAK020A.2008,SAMTEX.RAK020A.2008.edi,0.1791436336534934,-17.620783333333335,18.010413888888888,True,paleoproterozoic_shields
SAMTEX.kim434.2004,SAMTEX.kim434.2004.edi,0.1807450459825963,-23.69047777777778,18.269805555555553,True,paleoproterozoic_shields
SAMTEX.kap061.2003,SAMTEX.kap061.2003.edi,0.1811040299941228,-24.116005555555557,28.123330555555555,True,archean
SAMTEX.zim103.2005,SAMTEX.zim103.2005.edi,0.1811856121014884,-22.11933888888889,27.276666666666667,True,archean
SAMTEX.rtz205.2005,SAMTEX.rtz205.2005.edi,0.1819800455099897,-25.32658888888889,24.84175,True,archean
SAMTEX.kim015.2003-2006,SAMTEX.kim015.2003-2006.edi,0.182583707946706,-29.493783333333333,25.445830555555556,True,archean
SAMTEX.zim122.2005,SAMTEX.zim122.2005.edi,0.1827690409850467,-19.382672222222222,25.885555555555555,True,paleoproterozoic_belts
SAMTEX.wita34.2004,SAMTEX.wita34.2004.edi,0.1835993827675737,-27.038533333333337,27.413974999999997,True,archean
SAMTEX.RAK099A.2008,SAMTEX.RAK099A.2008.edi,0.1836246951461328,-17.668644444444446,15.866355555555556,True,paleoproterozoic_shields
SAMTEX.kim446.2004,SAMTEX.kim446.2004.edi,0.1837841549197872,-22.31992222222222,16.511469444444444,True,neoproterozoic
SAMTEX.oka007.2006,SAMTEX.oka007.2006.edi,0.1848178029068788,-19.545894444444446,22.13405277777778,True,neoproterozoic
SAMTEX.sso113.2005,SAMTEX.sso113.2005.edi,0.1854569422407749,-21.815833333333337,26.279441666666667,True,limpopo
SAMTEX.rtzfb1.2005,SAMTEX.rtzfb1.2005.edi,0.1856449632301926,-24.448608333333333,22.441388888888888,True,archean
PRIDE.ZAM33B_RH_ZAM32B.2011-2012,PRIDE.ZAM33B_RH_ZAM32B.2011-2012.edi,0.1856614688467385,-14.847441666666668,24.671858333333333,True,neoproterozoic
SAMTEX.kap001.2003,SAMTEX.kap001.2003.edi,0.1862325293017578,-32.39961666666667,20.20888888888889,True,mesoproterozoic_belts
SAMTEX.kal008.2008,SAMTEX.kal008.2008.edi,0.1865787036152651,-22.34331111111111,23.04866388888889,True,archean
SAMTEX.kap008.2003,SAMTEX.kap008.2003.edi,0.1870251322167543,-31.40545,21.189441666666667,True,mesoproterozoic_belts
SAMTEX.kim439.2004,SAMTEX.kim439.2004.edi,0.1874996787067751,-23.094644444444445,17.517305555555556,True,mesoproterozoic_belts
SAMTEX.kim012.2003-2006,SAMTEX.kim012.2003-2006.edi,0.1879989582672282,-29.132394444444444,25.0125,True,archean
SAMTEX.mof126.2005,SAMTEX.mof126.2005.edi,0.1886792442596735,-21.07795,27.093888888888888,True,archean
SAMTEX.mak001.2006,SAMTEX.mak001.2006.edi,0.1897818653945016,-20.177533333333333,26.030830555555553,True,archean
SAMTEX.win038.2006,SAMTEX.win038.2006.edi,0.1911764721975262,-22.562116666666668,16.998608333333333,True,neoproterozoic
SAMTEX.wita46.2005,SAMTEX.wita46.2005.edi,0.1912449858745394,-27.00297777777778,27.81980555555555,True,archean
SAMTEX.rtz206.2005,SAMTEX.rtz206.2005.edi,0.1920938654788828,-25.375755555555557,24.668694444444444,True,archean
PRIDE.ZAM013A_RH_ZAM01.2011-2012,PRIDE.ZAM013A_RH_ZAM01.2011-2012.edi,0.1925717660282065,-15.54213888888889,24.77146944444444,True,neoproterozoic
SAMTEX.dmb019.2006,SAMTEX.dmb019.2006.edi,0.1935097693936544,-21.54183888888889,18.610555555555557,True,neoproterozoic
SAMTEX.KXT007A_auto.tru.2008,SAMTEX.KXT007A_auto.tru.2008.edi,0.1945664704252786,-31.034172222222224,27.45892222222222,True,mesoproterozoic_belts
SAMTEX.kap072.2003,SAMTEX.kap072.2003.edi,0.1951299354973203,-22.631005555555557,29.510277777777777,True,limpopo
SAMTEX.NEN001.2006,SAMTEX.NEN001.2006.edi,0.1953892716378319,-21.97045,20.97735833333333,True,paleoproterozoic_shields
SAMTEX.sso118.2005,SAMTEX.sso118.2005.edi,0.1955669150902156,-21.410830555555552,25.53388888888889,True,limpopo
SAMTEX.rtz410.2005,SAMTEX.rtz410.2005.edi,0.19600631549314,-24.39156111111111,21.872777777777777,True,paleoproterozoic_shields
SAMTEX.dmb003.2006,SAMTEX.dmb003.2006.edi,0.1972156181555625,-18.66683888888889,17.998608333333333,True,paleoproterozoic_shields
SAMTEX.wita39.2005,SAMTEX.wita39.2005.edi,0.1997729670150925,-27.028255555555553,27.58036388888889,True,archean
SAMTEX.kap033.2003,SAMTEX.kap033.2003.edi,0.1999367104922804,-28.01433888888889,24.621108333333332,True,archean
SAMTEX.win017.2006,SAMTEX.win017.2006.edi,0.2003650559702737,-22.138644444444445,20.96938611111111,False,paleoproterozoic_shields
SAMTEX.k2g002.2006,SAMTEX.k2g002.2006.edi,0.2023528943518182,-21.8567,21.614386111111113,False,paleoproterozoic_shields
PRIDE.ZAM07B_RH_ZAM09B.2011-2012,PRIDE.ZAM07B_RH_ZAM09B.2011-2012.edi,0.2027429692660714,-16.905166666666666,23.84521944444444,False,neoproterozoic
SAMTEX.dmb024.2006,SAMTEX.dmb024.2006.edi,0.2039511827230356,-22.368616666666668,18.942025,False,paleoproterozoic_shields
SAMTEX.kap059.2003,SAMTEX.kap059.2003.edi,0.204393209090146,-24.38156111111111,27.85888888888889,False,archean
SAMTEX.win007.2006,SAMTEX.win007.2006.edi,0.2044407911940487,-20.674894444444444,22.533525,False,mesoproterozoic_belts
SAMTEX.zim124.2005,SAMTEX.zim124.2005.edi,0.2047557196615203,-19.051838888888888,25.710830555555553,False,paleoproterozoic_belts
SAMTEX.kal006.2008,SAMTEX.kal006.2008.edi,0.2048699640541918,-22.20645,22.68816388888889,False,archean
SAMTEX.RAK018A.2008,SAMTEX.RAK018A.2008.edi,0.2056043555623211,-17.61831111111111,17.575691666666668,False,paleoproterozoic_shields
SAMTEX.KXT009A_auto.tru.2008,SAMTEX.KXT009A_auto.tru.2008.edi,0.2062085185652234,-31.278366666666667,27.715894444444444,False,mesoproterozoic_belts
SAMTEX.kal003.2008,SAMTEX.kal003.2008.edi,0.2072057966748324,-22.0557,22.129858333333335,False,paleoproterozoic_shields
SAMTEX.rtz201.2005,SAMTEX.rtz201.2005.edi,0.2074986597529879,-25.313783333333333,25.57027777777778,False,archean
SAMTEX.mof103.2005,SAMTEX.mof103.2005.edi,0.2078554851586442,-20.17350555555556,23.831108333333333,False,mesoproterozoic_belts
SAMTEX.kim213.2003-2006,SAMTEX.kim213.2003-2006.edi,0.208862283589037,-29.348227777777776,25.231666666666666,False,archean
SAMTEX.kim214.2003-2006,SAMTEX.kim214.2003-2006.edi,0.210061231736394,-29.42045,25.341941666666667,False,archean
SAMTEX.mol103.2005,SAMTEX.mol103.2005.edi,0.2106701781299202,-24.130555555555556,25.125,False,archean
PRIDE.ZAM05B_RH_ZAM04B.2011-2012,PRIDE.ZAM05B_RH_ZAM04B.2011-2012.edi,0.2109726856218089,-17.177500000000002,24.06002777777778,False,neoproterozoic
SAMTEX.zim105.2005,SAMTEX.zim105.2005.edi,0.2111670870468118,-21.76045,27.372219444444443,False,archean
PRIDE.ZAM10B_RH_ZAM18B.2011-2012,PRIDE.ZAM10B_RH_ZAM18B.2011-2012.edi,0.2139963898810992,-16.529916666666665,23.44938888888889,False,neoproterozoic
SAMTEX.win015.2006,SAMTEX.win015.2006.edi,0.2149801920857846,-22.077644444444445,21.35055277777778,False,paleoproterozoic_shields
SAMTEX.CPV009.2006,SAMTEX.CPV009.2006.edi,0.21515888217258,-18.007477777777776,20.630858333333332,False,paleoproterozoic_shields
SAMTEX.bot418.2005,SAMTEX.bot418.2005.edi,0.2164988219064594,-22.49350555555556,26.441108333333332,False,limpopo
SAMTEX.mak007.2006,SAMTEX.mak007.2006.edi,0.2165304742636453,-20.239116666666668,24.90063611111111,False,paleoproterozoic_belts
SAMTEX.zim112.2005,SAMTEX.zim112.2005.edi,0.216661270133692,-20.76295,26.9075,False,archean
SAMTEX.NEN022.2006,SAMTEX.NEN022.2006.edi,0.2169885180346896,-18.276505555555556,19.993358333333333,False,paleoproterozoic_shields
PRIDE.ZAM007A_RH_ZAM01.2011-2012,PRIDE.ZAM007A_RH_ZAM01.2011-2012.edi,0.2173226895815583,-16.527608333333333,24.92663888888889,False,neoproterozoic
SAMTEX.kim014.2003-2006,SAMTEX.kim014.2003-2006.edi,0.2174476979138468,-29.38992222222222,25.289808333333333,False,archean
PRIDE.ZAM04B_RH_ZAM05B.2011-2012,PRIDE.ZAM04B_RH_ZAM05B.2011-2012.edi,0.2177857969328308,-17.336691666666667,24.13246944444445,False,neoproterozoic
SAMTEX.kap021.2003,SAMTEX.kap021.2003.edi,0.218907191033782,-29.648505555555555,22.997219444444447,False,archean
SAMTEX.win022.2006,SAMTEX.win022.2006.edi,0.2200777237967864,-22.272116666666665,20.03894166666667,False,paleoproterozoic_shields
SAMTEX.rtz422.2005,SAMTEX.rtz422.2005.edi,0.2205922126361107,-23.097394444444443,20.258330555555556,False,paleoproterozoic_shields
SAMTEX.kap007.2003,SAMTEX.kap007.2003.edi,0.220663135799128,-31.512116666666667,21.058608333333336,False,mesoproterozoic_belts
SAMTEX.bot419.2005,SAMTEX.bot419.2005.edi,0.2239648739654264,-22.377116666666662,26.590277777777775,False,limpopo
SAMTEX.win012.2006,SAMTEX.win012.2006.edi,0.2243012149902327,-21.477283333333332,22.041830555555556,False,paleoproterozoic_shields
SAMTEX.sso111.2005,SAMTEX.sso111.2005.edi,0.2250413909903272,-22.04555277777778,26.551108333333335,False,limpopo
SAMTEX.CPV023.2006,SAMTEX.CPV023.2006.edi,0.2255864316079905,-17.816477777777777,23.09427222222222,False,neoproterozoic
SAMTEX.win019.2006,SAMTEX.win019.2006.edi,0.2260986816401313,-22.096866666666667,20.549469444444448,False,paleoproterozoic_shields
SAMTEX.zim117.2005,SAMTEX.zim117.2005.edi,0.2269930856191075,-20.22795,26.255277777777778,False,archean
SAMTEX.witb33.2004,SAMTEX.witb33.2004.edi,0.228058062635373,-27.0202,26.601194444444445,False,archean
PRIDE.ZAM15B_RH_ZAM16B.2011-2012,PRIDE.ZAM15B_RH_ZAM16B.2011-2012.edi,0.2280757612839685,-16.380055555555558,22.67930555555556,False,neoproterozoic
SAMTEX.CPV028.2006,SAMTEX.CPV028.2006.edi,0.2282691453906882,-17.649477777777776,24.062883333333335,False,neoproterozoic
SAMTEX.kim442.2004,SAMTEX.kim442.2004.edi,0.2285305531342426,-22.750755555555557,17.096191666666666,False,neoproterozoic
SAMTEX.kim438.2004,SAMTEX.kim438.2004.edi,0.22880012101866,-23.236866666666668,17.720358333333333,False,mesoproterozoic_belts
SAMTEX.win039.2006,SAMTEX.win039.2006.edi,0.2295693727840964,-22.598227777777776,16.801941666666668,False,neoproterozoic
SAMTEX.RAK021A.2008,SAMTEX.RAK021A.2008.edi,0.2319533979780334,-17.65331111111111,18.231913888888887,False,paleoproterozoic_shields
SAMTEX.kim017.2003-2006,SAMTEX.kim017.2003-2006.edi,0.2324938420326376,-29.775727777777774,25.771941666666667,False,archean
SAMTEX.win025.2006,SAMTEX.win025.2006.edi,0.2325781749095135,-22.338088888888887,19.503608333333332,False,paleoproterozoic_shields
SAMTEX.dmb034.2006,SAMTEX.dmb034.2006.edi,0.233063334979124,-24.120727777777777,19.211388888888887,False,paleoproterozoic_shields
PRIDE.ZAM28B_RH_ZAM26B.2011-2012,PRIDE.ZAM28B_RH_ZAM26B.2011-2012.edi,0.2355018948968731,-15.088555555555557,23.769608333333338,False,neoproterozoic
SAMTEX.witb14.2004,SAMTEX.witb14.2004.edi,0.2368104490697691,-26.549644444444446,26.273416666666662,False,archean
SAMTEX.kap039.2003,SAMTEX.kap039.2003.edi,0.2380021826959792,-27.16683888888889,25.334441666666667,False,archean
SAMTEX.kim433.2004,SAMTEX.kim433.2004.edi,0.2380755781809699,-23.791588888888892,18.410083333333333,False,paleoproterozoic_shields
SAMTEX.win008.2006,SAMTEX.win008.2006.edi,0.2381272461624648,-20.835616666666667,22.44824722222222,False,mesoproterozoic_belts
SAMTEX.kap044.2003,SAMTEX.kap044.2003.edi,0.2386220480430746,-26.468227777777777,25.98110833333333,False,archean
SAMTEX.witb29.2004,SAMTEX.witb29.2004.edi,0.2388580053639672,-26.93797777777778,26.517030555555554,False,archean
SAMTEX.kap026.2003,SAMTEX.kap026.2003.edi,0.2403898835064958,-28.9525,23.61527777777778,False,archean
SAMTEX.kim007.2003-2006,SAMTEX.kim007.2003-2006.edi,0.2404481572849898,-28.541005555555557,24.188055555555557,False,archean
SAMTEX.bot404.2005,SAMTEX.bot404.2005.edi,0.2407129895235785,-24.865172222222224,25.366666666666667,False,archean
SAMTEX.zim116.2005,SAMTEX.zim116.2005.edi,0.2413700313173774,-20.361283333333336,26.31,False,archean
SAMTEX.dmb016.2006,SAMTEX.dmb016.2006.edi,0.2425510620839912,-20.98883888888889,18.480191666666663,False,neoproterozoic
SAMTEX.kap027.2003,SAMTEX.kap027.2003.edi,0.2437620050936099,-28.801005555555555,23.786941666666667,False,archean
SAMTEX.kal002.2008,SAMTEX.kal002.2008.edi,0.2438216383102486,-22.00545,21.94363611111111,False,paleoproterozoic_shields
SAMTEX.dmb023.2006,SAMTEX.dmb023.2006.edi,0.2442522989239283,-22.197116666666663,18.8825,False,mesoproterozoic_belts
SAMTEX.zim118.2005,SAMTEX.zim118.2005.edi,0.2448119658638074,-20.05711666666667,26.18,False,archean
SAMTEX.zim113.2005,SAMTEX.zim113.2005.edi,0.2467166598182686,-20.69183888888889,26.75055555555555,False,archean
PRIDE.ZAM26B_RH_ZAM28B.2011-2012,PRIDE.ZAM26B_RH_ZAM28B.2011-2012.edi,0.247294936329016,-15.190858333333331,23.422219444444444,False,neoproterozoic
PRIDE.ZAM03B_RH_ZAM01B.2011-2012,PRIDE.ZAM03B_RH_ZAM01B.2011-2012.edi,0.2475790722927128,-17.385555555555555,24.148358333333334,False,neoproterozoic
SAMTEX.ETO005A.2008,SAMTEX.ETO005A.2008.edi,0.2477381095663081,-21.22395,15.798552777777775,False,neoproterozoic
SAMTEX.CPV016.2006,SAMTEX.CPV016.2006.edi,0.2480520457732543,-18.06964444444445,21.826302777777776,False,neoproterozoic
PRIDE.ZAM32B_RH_ZAM33B.2011-2012,PRIDE.ZAM32B_RH_ZAM33B.2011-2012.edi,0.2482706577399353,-14.912777777777778,24.49913888888889,False,neoproterozoic
SAMTEX.kap016.2003,SAMTEX.kap016.2003.edi,0.2497299084489783,-30.340727777777776,22.29694166666667,False,mesoproterozoic_belts
SAMTEX.win030.2006,SAMTEX.win030.2006.edi,0.2500532284234661,-22.410227777777777,18.544108333333337,False,mesoproterozoic_belts
SAMTEX.kim447.2004,SAMTEX.kim447.2004.edi,0.2511811325487082,-22.18714444444445,16.36563611111111,False,neoproterozoic
SAMTEX.bot223.2005,SAMTEX.bot223.2005.edi,0.2512044509659744,-24.54547777777778,24.066472222222224,False,archean
SAMTEX.kap002.2003,SAMTEX.kap002.2003.edi,0.2513923011075702,-32.22878333333333,20.356108333333335,False,mesoproterozoic_belts
SAMTEX.win010.2006,SAMTEX.win010.2006.edi,0.2515085850994361,-21.171366666666668,22.307025,False,mesoproterozoic_belts
SAMTEX.kap015.2003,SAMTEX.kap015.2003.edi,0.2518085576548533,-30.466283333333333,22.176941666666668,False,mesoproterozoic_belts
SAMTEX.LIM008A.2008,SAMTEX.LIM008A.2008.edi,0.252015066631508,-23.811783333333334,29.209888888888887,False,archean
PRIDE.ZAM40B_RH_ZAM34B.2011-2012,PRIDE.ZAM40B_RH_ZAM34B.2011-2012.edi,0.2540210268821889,-14.368441666666667,23.605247222222225,False,neoproterozoic
SAMTEX.KXT006A_auto.tru.2008,SAMTEX.KXT006A_auto.tru.2008.edi,0.2541848557041369,-30.89347777777778,27.237644444444445,False,mesoproterozoic_belts
SAMTEX.ETO010A.2008,SAMTEX.ETO010A.2008.edi,0.2543866768591398,-20.4847,15.305719444444446,False,neoproterozoic
PRIDE.ZAM39B_RH_ZAM42B.2011-2012,PRIDE.ZAM39B_RH_ZAM42B.2011-2012.edi,0.2556359406807102,-14.3725,23.75783055555555,False,neoproterozoic
SAMTEX.kim437.2004,SAMTEX.kim437.2004.edi,0.2578253509739371,-23.33017222222222,17.836666666666666,False,paleoproterozoic_shields
SAMTEX.rtz211.2005,SAMTEX.rtz211.2005.edi,0.2592956505881833,-25.302422222222223,23.691472222222224,False,archean
SAMTEX.wita47.2005,SAMTEX.wita47.2005.edi,0.2597940819041346,-26.990755555555555,27.848416666666665,False,archean
PRIDE.ZAM012A_RH_ZAM00.2011-2012,PRIDE.ZAM012A_RH_ZAM00.2011-2012.edi,0.2607641944224587,-15.679719444444444,24.891191666666668,False,neoproterozoic
SAMTEX.GIB002A.2008,SAMTEX.GIB002A.2008.edi,0.2647637062213265,-24.64228333333333,19.69025,False,paleoproterozoic_shields
SAMTEX.kof003.2004,SAMTEX.kof003.2004.edi,0.2674651989633269,-28.972977777777775,25.16925277777778,False,archean
SAMTEX.mof116.2005,SAMTEX.mof116.2005.edi,0.2682227914183823,-21.368783333333333,25.275277777777777,False,limpopo
SAMTEX.bot219.2005,SAMTEX.bot219.2005.edi,0.2690909751003613,-24.646866666666668,24.856194444444444,False,archean
SAMTEX.witb15.2004,SAMTEX.witb15.2004.edi,0.2693257862484718,-26.574922222222224,26.29425277777778,False,archean
SAMTEX.CPV004.2006,SAMTEX.CPV004.2006.edi,0.2712938915373422,-17.902338888888888,19.682633333333335,False,paleoproterozoic_shields
SAMTEX.wita21.2004,SAMTEX.wita21.2004.edi,0.2728620533229493,-27.073255555555555,26.986475,False,archean
SAMTEX.dmb009.2006,SAMTEX.dmb009.2006.edi,0.2753960573935958,-19.729533333333332,18.20688611111111,False,paleoproterozoic_shields
SAMTEX.san013.2008,SAMTEX.san013.2008.edi,0.2754191803527878,-21.278033333333333,24.102469444444445,False,paleoproterozoic_belts
SAMTEX.GIB008A.2008,SAMTEX.GIB008A.2008.edi,0.2760651035383618,-25.00758888888889,18.420194444444444,False,paleoproterozoic_shields
SAMTEX.kap041.2003,SAMTEX.kap041.2003.edi,0.2809363880973831,-26.906388888888888,25.611108333333338,False,archean
SAMTEX.kap058.2003,SAMTEX.kap058.2003.edi,0.2815318413377008,-24.50045,27.757219444444445,False,archean
SAMTEX.wita30.2004,SAMTEX.wita30.2004.edi,0.2828891931048907,-27.041866666666667,27.278975,False,archean
SAMTEX.wita20.2004,SAMTEX.wita20.2004.edi,0.2835538550402911,-27.057422222222225,26.955641666666665,False,archean
PRIDE.ZAM08B_RH_ZAM07B.2011-2012,PRIDE.ZAM08B_RH_ZAM07B.2011-2012.edi,0.2879884947107677,-16.767166666666665,23.71075,False,neoproterozoic
SAMTEX.RAK009A.2008,SAMTEX.RAK009A.2008.edi,0.288051878633575,-17.7877,15.753719444444444,False,paleoproterozoic_shields
SAMTEX.kap014.2003,SAMTEX.kap014.2003.edi,0.2887488850803359,-30.616108333333333,22.005830555555555,False,mesoproterozoic_belts
SAMTEX.kim021.2003-2006,SAMTEX.kim021.2003-2006.edi,0.2887912479053314,-30.183783333333334,26.316108333333332,False,archean
SAMTEX.ETO016A.2008,SAMTEX.ETO016A.2008.edi,0.2889172425447231,-19.44108888888889,14.577719444444444,False,paleoproterozoic_belts
SAMTEX.ETO002A.2008,SAMTEX.ETO002A.2008.edi,0.2898974319800901,-21.790172222222225,16.083025,False,neoproterozoic
SAMTEX.sso105.2005,SAMTEX.sso105.2005.edi,0.2917623371127694,-22.748055555555556,27.2425,False,limpopo
SAMTEX.dmb007.2006,SAMTEX.dmb007.2006.edi,0.2919122239311401,-19.396866666666668,18.120108333333334,False,paleoproterozoic_shields
SAMTEX.kim444.2004,SAMTEX.kim444.2004.edi,0.2924451162625207,-22.54381111111111,16.782027777777778,False,neoproterozoic
SAMTEX.bot214.2005,SAMTEX.bot214.2005.edi,0.2933232597123389,-25.230477777777775,25.586194444444445,False,archean
SAMTEX.NEN002.2006,SAMTEX.NEN002.2006.edi,0.2941580058940812,-21.838505555555553,20.88019166666667,False,paleoproterozoic_shields
SAMTEX.wita41.2005,SAMTEX.wita41.2005.edi,0.2942922760018853,-27.01658888888889,27.645641666666663,False,archean
SAMTEX.witb34.2004,SAMTEX.witb34.2004.edi,0.2965950575341878,-27.037422222222222,26.62397222222222,False,archean
SAMTEX.dmb026.2006,SAMTEX.dmb026.2006.edi,0.2974762503428209,-22.737894444444446,18.90213888888889,False,paleoproterozoic_shields
SAMTEX.LOW005A_auto.tru.2008,SAMTEX.LOW005A_auto.tru.2008.edi,0.2996147978093434,-23.053144444444445,30.209719444444445,False,archean
SAMTEX.bot224.2005,SAMTEX.bot224.2005.edi,0.3004777014345739,-24.484616666666668,23.884166666666665,False,archean
PRIDE.ZAM09B_RH_ZAM07B.2011-2012,PRIDE.ZAM09B_RH_ZAM07B.2011-2012.edi,0.3014987665127732,-16.661358333333332,23.566305555555555,False,neoproterozoic
SAMTEX.bot217.2005,SAMTEX.bot217.2005.edi,0.3021972247799008,-24.88295,25.148055555555555,False,archean
SAMTEX.win009.2006,SAMTEX.win009.2006.edi,0.3031870626360187,-21.023477777777774,22.418858333333336,False,mesoproterozoic_belts
SAMTEX.mof121.2005,SAMTEX.mof121.2005.edi,0.3037519657736992,-21.30433888888889,26.205555555555556,False,paleoproterozoic_belts
SAMTEX.bot215.2005,SAMTEX.bot215.2005.edi,0.3044111656011469,-25.064894444444445,25.474166666666665,False,archean
SAMTEX.wita45.2005,SAMTEX.wita45.2005.edi,0.3050436025560374,-27.0002,27.781752777777776,False,archean
SAMTEX.oka010.2006,SAMTEX.oka010.2006.edi,0.3062367640675666,-19.015,22.2925,False,neoproterozoic
SAMTEX.CPV006.2006,SAMTEX.CPV006.2006.edi,0.3066977861401006,-17.936172222222222,20.080358333333333,False,paleoproterozoic_shields
SAMTEX.mak005.2006,SAMTEX.mak005.2006.edi,0.3086968762001398,-20.191388888888888,25.25888888888889,False,paleoproterozoic_belts
SAMTEX.sso104.2005,SAMTEX.sso104.2005.edi,0.3088317536591446,-22.785,27.40583333333333,False,limpopo
PRIDE.ZAM37B_RH_ZAM36B.2011-2012,PRIDE.ZAM37B_RH_ZAM36B.2011-2012.edi,0.3098116616261963,-14.430388888888888,24.133358333333337,False,neoproterozoic
SAMTEX.wita29.2004,SAMTEX.wita29.2004.edi,0.3103000833907033,-27.04658888888889,27.243694444444447,False,archean
SAMTEX.dmb015.2006,SAMTEX.dmb015.2006.edi,0.3105094523321116,-20.83406111111111,18.19494166666667,False,neoproterozoic
SAMTEX.witb32.2004,SAMTEX.witb32.2004.edi,0.3113379768279292,-27.005755555555556,26.574252777777776,False,archean
PRIDE.ZAM27B_RH_ZAM25B.2011-2012,PRIDE.ZAM27B_RH_ZAM25B.2011-2012.edi,0.3115050644746923,-15.150777777777778,23.596941666666662,False,neoproterozoic
SAMTEX.wita35.2004,SAMTEX.wita35.2004.edi,0.3119494114531176,-27.037144444444447,27.44925277777778,False,archean
SAMTEX.witb16.2004,SAMTEX.witb16.2004.edi,0.3123286983613101,-26.602144444444445,26.314252777777774,False,archean
SAMTEX.CPV013.2006,SAMTEX.CPV013.2006.edi,0.3132391677655964,-18.091644444444444,21.442633333333333,False,neoproterozoic
SAMTEX.win021.2006,SAMTEX.win021.2006.edi,0.3133921747647173,-22.23486666666667,20.210025,False,paleoproterozoic_shields
SAMTEX.ELZ003A.2008,SAMTEX.ELZ003A.2008.edi,0.3145354612433883,-17.501922222222223,24.322716666666665,False,mesoproterozoic_belts
SAMTEX.san004.2008,SAMTEX.san004.2008.edi,0.3146514279975325,-22.807144444444447,24.165416666666665,False,limpopo
SAMTEX.GIB013A.2008,SAMTEX.GIB013A.2008.edi,0.3162103900798731,-25.155977777777775,17.37513888888889,False,paleoproterozoic_shields
SAMTEX.witb24.2004,SAMTEX.witb24.2004.edi,0.3166005198224745,-26.801033333333333,26.438141666666667,False,archean
SAMTEX.CPV024.2006,SAMTEX.CPV024.2006.edi,0.3167295014950765,-17.771727777777777,23.313133333333333,False,neoproterozoic
SAMTEX.GIB015A.true.2008,SAMTEX.GIB015A.true.2008.edi,0.3167417096592283,-25.29961666666667,17.00327777777778,False,mesoproterozoic_belts
SAMTEX.wita32.2004,SAMTEX.wita32.2004.edi,0.3171245499806343,-27.04547777777778,27.34730555555555,False,archean
SAMTEX.zim110.2005,SAMTEX.zim110.2005.edi,0.3191956742272334,-20.903227777777776,27.213055555555556,False,archean
SAMTEX.kim410.2004,SAMTEX.kim410.2004.edi,0.3197881508923919,-26.5102,21.715083333333332,False,paleoproterozoic_belts
SAMTEX.kap071.2003,SAMTEX.kap071.2003.edi,0.3221946998622779,-22.74739444444445,29.35,False,limpopo
SAMTEX.wita36.2004,SAMTEX.wita36.2004.edi,0.3249358602135624,-27.034366666666667,27.483972222222224,False,archean
SAMTEX.zim131.2005,SAMTEX.zim131.2005.edi,0.3257081269383581,-17.913505555555552,25.213608333333333,False,mesoproterozoic_belts
SAMTEX.dmb028.2006,SAMTEX.dmb028.2006.edi,0.3267071634752995,-23.099116666666667,18.93230555555556,False,paleoproterozoic_shields
SAMTEX.kap063.2003,SAMTEX.kap063.2003.edi,0.3267978318257603,-23.82656111111111,28.3575,False,archean
SAMTEX.kap055.2003,SAMTEX.kap055.2003.edi,0.3278040580974133,-24.92433888888889,27.351108333333336,False,archean
SAMTEX.witb28.2004,SAMTEX.witb28.2004.edi,0.3325782535268802,-26.907144444444445,26.499805555555557,False,archean
SAMTEX.bot409.2005,SAMTEX.bot409.2005.edi,0.3336007624421761,-24.016283333333337,25.63360833333333,False,archean
SAMTEX.kap004.2003,SAMTEX.kap004.2003.edi,0.3338728964813713,-31.911005555555555,20.70138888888889,False,mesoproterozoic_belts
SAMTEX.kim018_L.2003-2006,SAMTEX.kim018_L.2003-2006.edi,0.3355115317179243,-29.861283333333336,25.902777777777775,False,archean
SAMTEX.wita33.2004,SAMTEX.wita33.2004.edi,0.3362240328484864,-27.048533333333335,27.38286388888889,False,archean
SAMTEX.RAK016A.2008,SAMTEX.RAK016A.2008.edi,0.3365345114672445,-17.58245,17.177052777777778,False,paleoproterozoic_shields
SAMTEX.ETO003A.2008,SAMTEX.ETO003A.2008.edi,0.3372103645144744,-21.6057,15.974275,False,neoproterozoic
PRIDE.ZAM003A_RH_ZAM00.2011-2012,PRIDE.ZAM003A_RH_ZAM00.2011-2012.edi,0.3379469549628834,-17.098888888888887,24.836358333333333,False,mesoproterozoic_belts
SAMTEX.NEN005.2006,SAMTEX.NEN005.2006.edi,0.3401117238411928,-21.320227777777777,20.577358333333333,False,mesoproterozoic_belts
SAMTEX.wita15.2004,SAMTEX.wita15.2004.edi,0.3402497725003326,-27.065755555555555,26.783694444444446,False,archean
SAMTEX.CPV020.2006,SAMTEX.CPV020.2006.edi,0.3442111882117185,-17.921533333333336,22.565858333333335,False,neoproterozoic
SAMTEX.kap062.2003,SAMTEX.kap062.2003.edi,0.3442598433187198,-23.82638888888889,28.3575,False,archean
SAMTEX.LOW004B_auto.tru.2008,SAMTEX.LOW004B_auto.tru.2008.edi,0.3444139663652819,-22.861783333333335,30.144469444444443,False,archean
SAMTEX.dmb002.2006,SAMTEX.dmb002.2006.edi,0.3447106148061107,-18.487616666666668,17.999608333333335,False,paleoproterozoic_shields
SAMTEX.win034.2006,SAMTEX.win034.2006.edi,0.3459907845453535,-22.391394444444444,17.770608333333332,False,neoproterozoic
SAMTEX.NEN012.2006,SAMTEX.NEN012.2006.edi,0.3466135445063302,-19.94938888888889,20.556691666666666,False,paleoproterozoic_shields
SAMTEX.kim004_H.2003-2006,SAMTEX.kim004_H.2003-2006.edi,0.3472984002061133,-28.024088888888887,23.62008611111111,False,archean
SAMTEX.RAK012A.2008,SAMTEX.RAK012A.2008.edi,0.3513805672615519,-17.47206111111111,16.366441666666667,False,paleoproterozoic_shields
SAMTEX.wita37.2005,SAMTEX.wita37.2005.edi,0.3518876009442852,-27.036311111111115,27.517305555555556,False,archean
SAMTEX.ETO007C.2008,SAMTEX.ETO007C.2008.edi,0.3520864105114524,-20.954366666666665,15.542858333333331,False,neoproterozoic
PRIDE.ZAM18B_RH_ZAM10B.2011-2012,PRIDE.ZAM18B_RH_ZAM10B.2011-2012.edi,0.3535389054869916,-16.372191666666666,23.240691666666667,False,neoproterozoic
SAMTEX.kof001.2004,SAMTEX.kof001.2004.edi,0.3543854680176916,-29.34658888888889,24.78258611111111,False,archean
SAMTEX.oka015.2006,SAMTEX.oka015.2006.edi,0.3561485526672092,-18.299005555555556,21.786191666666667,False,neoproterozoic
SAMTEX.dmb027.2006,SAMTEX.dmb027.2006.edi,0.3574805762742223,-22.90795,18.938608333333335,False,paleoproterozoic_shields
PRIDE.ZAM017A_RH_ZAM01.2011-2012,PRIDE.ZAM017A_RH_ZAM01.2011-2012.edi,0.3579339203803703,-14.949441666666669,24.55333055555556,False,neoproterozoic
SAMTEX.witb17.2004,SAMTEX.witb17.2004.edi,0.3607088956230809,-26.62047777777778,26.326752777777777,False,archean
SAMTEX.witb13.2004,SAMTEX.witb13.2004.edi,0.3611057545361327,-26.517977777777777,26.256194444444443,False,archean
SAMTEX.wita31.2004,SAMTEX.wita31.2004.edi,0.3618089565673812,-27.05658888888889,27.324252777777776,False,archean
SAMTEX.RAK013A.2008,SAMTEX.RAK013A.2008.edi,0.3640959182987957,-17.51881111111111,16.58316388888889,False,paleoproterozoic_shields
SAMTEX.kap029.2003,SAMTEX.kap029.2003.edi,0.3654526492199597,-28.53989444444445,24.004441666666665,False,archean
SAMTEX.wita44.2005,SAMTEX.wita44.2005.edi,0.3664008757530922,-27.00714444444445,27.735916666666668,False,archean
SAMTEX.RAK015A.2008,SAMTEX.RAK015A.2008.edi,0.3669126870859083,-17.60158888888889,16.994052777777778,False,paleoproterozoic_shields
PRIDE.ZAM010A_RH_ZAM00.2011-2012,PRIDE.ZAM010A_RH_ZAM00.2011-2012.edi,0.3681157209940803,-16.004191666666667,25.047777777777775,False,neoproterozoic
SAMTEX.bot211.2005,SAMTEX.bot211.2005.edi,0.3689689164493833,-25.871838888888888,25.887777777777774,False,archean
SAMTEX.kap043.2003,SAMTEX.kap043.2003.edi,0.3695377088034315,-26.591838888888887,25.837777777777777,False,archean
SAMTEX.zim111.2005,SAMTEX.zim111.2005.edi,0.3704475661949776,-20.834338888888887,27.088608333333333,False,archean
SAMTEX.bot225.2005,SAMTEX.bot225.2005.edi,0.3706050212277586,-24.421033333333337,23.690361111111113,False,archean
SAMTEX.witb36.2004,SAMTEX.witb36.2004.edi,0.3710264500709853,-27.0602,26.690919444444443,False,archean
SAMTEX.bot216.2005,SAMTEX.bot216.2005.edi,0.3722471696881731,-24.922144444444445,25.379527777777778,False,archean
SAMTEX.CPV026.2006,SAMTEX.CPV026.2006.edi,0.3722842715168105,-17.78081111111111,23.730441666666664,False,neoproterozoic
SAMTEX.LIM007A.2008,SAMTEX.LIM007A.2008.edi,0.3769510272523247,-23.705283333333337,29.042250000000003,False,archean
SAMTEX.GIB001A.2008,SAMTEX.GIB001A.2008.edi,0.3801888768315534,-24.60675555555556,19.943194444444444,False,paleoproterozoic_shields
SAMTEX.kap019.2003,SAMTEX.kap019.2003.edi,0.3808087035896788,-29.910727777777776,22.701108333333337,False,paleoproterozoic_belts
SAMTEX.kim408.2004,SAMTEX.kim408.2004.edi,0.3808484516784384,-26.71795,22.025555555555556,False,paleoproterozoic_belts
SAMTEX.CPV022.2006,SAMTEX.CPV022.2006.edi,0.3831361292286864,-17.854200000000002,22.90863333333333,False,neoproterozoic
SAMTEX.NEN006.2006,SAMTEX.NEN006.2006.edi,0.3880826441659061,-21.10164444444445,20.730219444444444,False,mesoproterozoic_belts
SAMTEX.LOW002A_auto.tru.2008,SAMTEX.LOW002A_auto.tru.2008.edi,0.3881769125111856,-22.509033333333335,30.013052777777776,False,limpopo
SAMTEX.bot212.2005,SAMTEX.bot212.2005.edi,0.3885159946981211,-25.77100555555555,25.746941666666668,False,archean
SAMTEX.dmb005.2006,SAMTEX.dmb005.2006.edi,0.3895919457070268,-19.014144444444444,18.094608333333333,False,paleoproterozoic_shields
SAMTEX.kim445.2004,SAMTEX.kim445.2004.edi,0.390047614124788,-22.432422222222225,16.67063888888889,False,neoproterozoic
SAMTEX.kap028.2003,SAMTEX.kap028.2003.edi,0.3911487400721517,-28.67027777777778,23.884441666666667,False,archean
SAMTEX.mol106.2005,SAMTEX.mol106.2005.edi,0.3928535342228457,-23.763333333333332,24.750833333333333,False,archean
SAMTEX.rtz210.2005,SAMTEX.rtz210.2005.edi,0.3955007434142539,-25.42183888888889,23.881666666666668,False,archean
SAMTEX.ELZ102B.2008,SAMTEX.ELZ102B.2008.edi,0.3961204160759008,-17.672755555555558,24.293219444444446,False,mesoproterozoic_belts
SAMTEX.ETO011A.2008,SAMTEX.ETO011A.2008.edi,0.3982083958291695,-20.32122777777778,15.162552777777778,False,neoproterozoic
PRIDE.ZAM29B_RH_ZAM30B.2011-2012,PRIDE.ZAM29B_RH_ZAM30B.2011-2012.edi,0.3982214213486708,-15.062441666666668,23.95575,False,neoproterozoic
SAMTEX.kal005.2008,SAMTEX.kal005.2008.edi,0.3983104120773355,-22.163644444444444,22.499469444444447,False,archean
SAMTEX.dmb006.2006,SAMTEX.dmb006.2006.edi,0.4009598242020944,-19.19536666666667,18.10905277777778,False,paleoproterozoic_shields
SAMTEX.ETO006A.2008,SAMTEX.ETO006A.2008.edi,0.4094535010619499,-21.12686666666667,15.625747222222223,False,neoproterozoic
SAMTEX.win002.2006,SAMTEX.win002.2006.edi,0.4098440821740448,-20.152783333333332,23.275552777777776,False,mesoproterozoic_belts
SAMTEX.win006.2006,SAMTEX.win006.2006.edi,0.4098568000241179,-20.51031111111111,22.616858333333333,False,mesoproterozoic_belts
SAMTEX.kim403.2004,SAMTEX.kim403.2004.edi,0.410025950189295,-27.304894444444447,22.730830555555553,False,archean
SAMTEX.ELG914B.2008,SAMTEX.ELG914B.2008.edi,0.4111957924232616,-20.086227777777776,16.718441666666664,False,neoproterozoic
SAMTEX.RAK007A.2008,SAMTEX.RAK007A.2008.edi,0.4158140375744221,-17.666894444444445,15.329302777777778,False,paleoproterozoic_shields
SAMTEX.mof123.2005,SAMTEX.mof123.2005.edi,0.4170110746383999,-21.191283333333335,26.558608333333336,False,archean
PRIDE.ZAM06B_LH_ZAM06B.2011-2012,PRIDE.ZAM06B_LH_ZAM06B.2011-2012.edi,0.4184401306657648,-17.022166666666667,23.959080555555555,False,neoproterozoic
SAMTEX.wita43.2005,SAMTEX.wita43.2005.edi,0.4189242717691923,-27.010477777777776,27.703694444444444,False,archean
PRIDE.ZAM008A_RH_ZAM01.2011-2012,PRIDE.ZAM008A_RH_ZAM01.2011-2012.edi,0.4213029783259225,-16.344580555555556,24.946719444444444,False,neoproterozoic
PRIDE.ZAM02B_RH_ZAM07B.2011-2012,PRIDE.ZAM02B_RH_ZAM07B.2011-2012.edi,0.4241943808628692,-17.41421944444444,24.181108333333334,False,neoproterozoic
SAMTEX.kap073.2003,SAMTEX.kap073.2003.edi,0.4251090667627338,-22.459338888888887,29.584441666666667,False,limpopo
SAMTEX.witb10.2004,SAMTEX.witb10.2004.edi,0.4287063078998059,-26.440755555555555,26.20230555555555,False,archean
SAMTEX.kal013.2008,SAMTEX.kal013.2008.edi,0.4289988636778031,-22.64295,24.003441666666667,False,limpopo
SAMTEX.kap037.2003,SAMTEX.kap037.2003.edi,0.4293690475938274,-27.42933888888889,25.069441666666663,False,archean
SAMTEX.ETO022A.2008,SAMTEX.ETO022A.2008.edi,0.4323672478541948,-18.36881111111111,14.304883333333336,False,paleoproterozoic_shields
SAMTEX.zim107.2005,SAMTEX.zim107.2005.edi,0.4333543597554074,-21.38045,27.470277777777778,False,archean
SAMTEX.ETO014A.2008,SAMTEX.ETO014A.2008.edi,0.4337953745722383,-19.81214444444445,14.857275,False,paleoproterozoic_belts
SAMTEX.KXT001A_auto.tru.2008,SAMTEX.KXT001A_auto.tru.2008.edi,0.4339058635678264,-30.314672222222224,26.4907,False,archean
SAMTEX.bot221.2005,SAMTEX.bot221.2005.edi,0.4340293730017417,-24.574616666666667,24.470277777777778,False,archean
SAMTEX.dmb020.2006,SAMTEX.dmb020.2006.edi,0.4351745483712061,-21.647755555555555,18.73405277777778,False,neoproterozoic
SAMTEX.rtz402.2005,SAMTEX.rtz402.2005.edi,0.4378377942815354,-24.340755555555553,23.077861111111112,False,archean
SAMTEX.ETO019A.2008,SAMTEX.ETO019A.2008.edi,0.4386375258275611,-18.96717222222222,14.382969444444443,False,paleoproterozoic_shields
SAMTEX.dmb011.2006,SAMTEX.dmb011.2006.edi,0.439853768399174,-20.06822777777778,18.274719444444443,False,neoproterozoic
SAMTEX.bot401.2005,SAMTEX.bot401.2005.edi,0.4401467389871595,-25.28683888888889,25.076666666666668,False,archean
SAMTEX.wita13.2004,SAMTEX.wita13.2004.edi,0.4427936849055274,-27.068533333333335,26.716752777777774,False,archean
SAMTEX.kim003.2003-2006,SAMTEX.kim003.2003-2006.edi,0.4510384301458259,-27.947977777777776,23.490919444444444,False,archean
SAMTEX.win014.2006,SAMTEX.win014.2006.edi,0.4521360067097372,-21.692172222222226,21.71121944444444,False,paleoproterozoic_shields
SAMTEX.ELG013A.2008,SAMTEX.ELG013A.2008.edi,0.4552784431679553,-20.52431111111111,16.15491388888889,False,neoproterozoic
SAMTEX.witb19.2004,SAMTEX.witb19.2004.edi,0.4559645981099862,-26.669644444444447,26.358975,False,archean
SAMTEX.sso103.2005,SAMTEX.sso103.2005.edi,0.4577058381957904,-22.83083055555555,27.601666666666667,False,limpopo
SAMTEX.RAK002A.2008,SAMTEX.RAK002A.2008.edi,0.4604350288110371,-17.427561111111114,14.37366388888889,False,paleoproterozoic_shields
SAMTEX.ELG097A.2008,SAMTEX.ELG097A.2008.edi,0.46640424895391,-20.69922777777778,16.607802777777778,False,neoproterozoic
SAMTEX.GIB017A.2008,SAMTEX.GIB017A.2008.edi,0.4733450896762857,-25.263255555555556,16.55816666666667,False,mesoproterozoic_belts
SAMTEX.zim123.2005,SAMTEX.zim123.2005.edi,0.4734695865192933,-19.208227777777775,25.788608333333336,False,paleoproterozoic_belts
SAMTEX.dmb018.2006,SAMTEX.dmb018.2006.edi,0.4742126845098568,-21.35311666666667,18.559969444444445,False,neoproterozoic
SAMTEX.kap038.2003,SAMTEX.kap038.2003.edi,0.4763122492248186,-27.30333055555556,25.209441666666667,False,archean
PRIDE.ZAM13B_RH_ZAM12B.2011-2012,PRIDE.ZAM13B_RH_ZAM12B.2011-2012.edi,0.4766452339230143,-16.293858333333336,22.30513888888889,False,neoproterozoic
SAMTEX.kal015.2008,SAMTEX.kal015.2008.edi,0.4802414887879326,-22.636977777777776,24.361777777777775,False,limpopo
SAMTEX.CPV019.2006,SAMTEX.CPV019.2006.edi,0.4891934345337269,-18.015116666666668,22.381441666666667,False,neoproterozoic
SAMTEX.oka011.2006,SAMTEX.oka011.2006.edi,0.4959409505679337,-18.828452777777777,22.223888888888887,False,neoproterozoic
SAMTEX.CPV007.2006,SAMTEX.CPV007.2006.edi,0.4960095960750263,-17.95506111111111,20.28719166666667,False,paleoproterozoic_shields
SAMTEX.LOW011A_auto.tru.2008,SAMTEX.LOW011A_auto.tru.2008.edi,0.4981172411200145,-23.9997,30.662388888888888,False,archean
SAMTEX.witb18.2004,SAMTEX.witb18.2004.edi,0.4981868416169269,-26.64881111111111,26.340083333333332,False,archean
SAMTEX.kim002.2003-2006,SAMTEX.kim002.2003-2006.edi,0.5010553670548105,-27.812116666666668,23.302777777777777,False,archean
SAMTEX.LIM006A.2008,SAMTEX.LIM006A.2008.edi,0.5034246757895131,-23.616311111111113,28.91111111111111,False,archean
SAMTEX.kim405.2004,SAMTEX.kim405.2004.edi,0.5039091921196001,-27.09631111111111,22.44925277777778,False,paleoproterozoic_belts
SAMTEX.witb35.2004,SAMTEX.witb35.2004.edi,0.5091515937001109,-27.044644444444447,26.660641666666667,False,archean
SAMTEX.rtz404.2005,SAMTEX.rtz404.2005.edi,0.5102721201211385,-24.34545,22.68277777777778,False,archean
SAMTEX.wita28.2004,SAMTEX.wita28.2004.edi,0.5126089718735888,-27.041033333333335,27.212863888888887,False,archean
SAMTEX.KXT010A_auto.tru.2008,SAMTEX.KXT010A_auto.tru.2008.edi,0.5134696848169259,-31.395644444444443,27.898977777777777,False,mesoproterozoic_belts
SAMTEX.NEN118.2006,SAMTEX.NEN118.2006.edi,0.515637981378048,-19.032866666666667,20.173302777777774,False,paleoproterozoic_shields
SAMTEX.wita19.2004,SAMTEX.wita19.2004.edi,0.516202701987963,-27.06547777777778,26.916194444444443,False,archean
SAMTEX.witb22.2004,SAMTEX.witb22.2004.edi,0.5178143997180371,-26.75297777777778,26.404252777777774,False,archean
SAMTEX.kap030.2003,SAMTEX.kap030.2003.edi,0.5192553853864307,-28.01433888888889,24.620830555555557,False,archean
SAMTEX.kap022.2003,SAMTEX.kap022.2003.edi,0.5211883421510091,-29.493783333333333,23.1125,False,archean
SAMTEX.NEN117.2006,SAMTEX.NEN117.2006.edi,0.5217472881220097,-19.237616666666668,20.212358333333334,False,paleoproterozoic_shields
PRIDE.ZAM016A_RH_ZAM01.2011-2012,PRIDE.ZAM016A_RH_ZAM01.2011-2012.edi,0.522744248118774,-15.102441666666666,24.452527777777775,False,neoproterozoic
SAMTEX.GIB007A.2008,SAMTEX.GIB007A.2008.edi,0.5232237251603579,-24.92997777777778,18.62638888888889,False,paleoproterozoic_shields
SAMTEX.kap011.2003,SAMTEX.kap011.2003.edi,0.5256937048093248,-31.007394444444444,21.577219444444445,False,mesoproterozoic_belts
SAMTEX.sso114.2005,SAMTEX.sso114.2005.edi,0.5259936844770606,-21.788333333333338,26.10666666666667,False,limpopo
PRIDE.ZAM42B_RH_ZAM39B.2011-2012,PRIDE.ZAM42B_RH_ZAM39B.2011-2012.edi,0.5265121840489637,-14.415497222222225,23.265027777777775,False,neoproterozoic
SAMTEX.kap075.2003,SAMTEX.kap075.2003.edi,0.5274710038945061,-22.19183888888889,29.858055555555556,False,limpopo
SAMTEX.oka005.2006,SAMTEX.oka005.2006.edi,0.5300883511247066,-19.892033333333337,22.24246944444445,False,neoproterozoic
SAMTEX.ETO001A.2008,SAMTEX.ETO001A.2008.edi,0.5312735304961704,-21.904977777777777,16.204552777777778,False,neoproterozoic
SAMTEX.kap050.2003,SAMTEX.kap050.2003.edi,0.5322886256131034,-25.614061111111113,26.73888888888889,False,archean
SAMTEX.NEN011.2006,SAMTEX.NEN011.2006.edi,0.5367895431361444,-20.242394444444447,20.465747222222223,False,neoproterozoic
SAMTEX.RAK023A.2008,SAMTEX.RAK023A.2008.edi,0.5427306107947109,-17.7997,18.548883333333336,False,paleoproterozoic_shields
SAMTEX.GIB012A.2008,SAMTEX.GIB012A.2008.edi,0.5444599064713717,-25.165477777777777,17.613750000000003,False,paleoproterozoic_shields
SAMTEX.LOW007A_auto.tru.2008,SAMTEX.LOW007A_auto.tru.2008.edi,0.5478364565390831,-23.35764444444445,30.376805555555556,False,archean
SAMTEX.ELG091A.2008,SAMTEX.ELG091A.2008.edi,0.5542133352066878,-20.258144444444444,16.33735833333333,False,neoproterozoic
SAMTEX.sso112.2005,SAMTEX.sso112.2005.edi,0.5579194588242393,-21.896108333333338,26.468055555555555,False,limpopo
SAMTEX.kof002.2004,SAMTEX.kof002.2004.edi,0.5581797225035884,-29.22214444444444,24.87175277777778,False,archean
SAMTEX.kap045.2003,SAMTEX.kap045.2003.edi,0.5595388578782408,-26.320172222222222,26.086388888888887,False,archean
SAMTEX.kim409.2004,SAMTEX.kim409.2004.edi,0.5605661618606,-26.628783333333335,21.87138888888889,False,paleoproterozoic_belts
SAMTEX.kim010.2003-2006,SAMTEX.kim010.2003-2006.edi,0.5671159387265169,-28.884644444444444,24.710919444444443,False,archean
SAMTEX.kap025.2003,SAMTEX.kap025.2003.edi,0.5726778898063891,-29.141838888888888,23.550555555555555,False,archean
SAMTEX.win033.2006,SAMTEX.win033.2006.edi,0.5766032207257589,-22.371894444444443,17.97071944444444,False,neoproterozoic
SAMTEX.wita26.2004,SAMTEX.wita26.2004.edi,0.5789969105417604,-27.04881111111111,27.154530555555553,False,archean
SAMTEX.LOW003B_auto.tru.2008,SAMTEX.LOW003B_auto.tru.2008.edi,0.5797467570750234,-22.695116666666667,30.075027777777777,False,limpopo
SAMTEX.NEN010.2006,SAMTEX.NEN010.2006.edi,0.580122052848474,-20.35733888888889,20.54694166666667,False,neoproterozoic
SAMTEX.kof004.2004,SAMTEX.kof004.2004.edi,0.5821291712355122,-28.78795,25.273330555555553,False,archean
SAMTEX.ELG093A.2008,SAMTEX.ELG093A.2008.edi,0.5826557485665202,-20.101172222222225,16.220913888888887,False,neoproterozoic
PRIDE.ZAMC65L1.2011-2012,PRIDE.ZAMC65L1.2011-2012.edi,0.5829456273056767,-13.58098611111111,22.588749999999997,False,neoproterozoic
SAMTEX.RAK005A.2008,SAMTEX.RAK005A.2008.edi,0.5856331894846131,-17.491144444444444,15.000883333333332,False,paleoproterozoic_shields
SAMTEX.kim407.2004,SAMTEX.kim407.2004.edi,0.5865718225591192,-26.821866666666665,22.129527777777778,False,paleoproterozoic_belts
SAMTEX.kim201.2003-2006,SAMTEX.kim201.2003-2006.edi,0.5880805540272618,-27.512144444444445,23.400641666666665,False,archean
SAMTEX.NEN016.2006,SAMTEX.NEN016.2006.edi,0.5889289011727538,-19.287783333333337,20.253608333333332,False,paleoproterozoic_shields
SAMTEX.witb20.2004,SAMTEX.witb20.2004.edi,0.5897565574633565,-26.699644444444445,26.37036388888889,False,archean
SAMTEX.mof122.2005,SAMTEX.mof122.2005.edi,0.591637724337106,-21.24461666666667,26.381666666666668,False,archean
SAMTEX.rtz204.2005,SAMTEX.rtz204.2005.edi,0.5940998607314617,-25.375555555555557,24.668608333333335,False,archean
SAMTEX.NEN017.2006,SAMTEX.NEN017.2006.edi,0.5951819868399906,-19.130283333333335,20.200830555555555,False,paleoproterozoic_shields
SAMTEX.LOW008A_auto.tru.2008,SAMTEX.LOW008A_auto.tru.2008.edi,0.5978084745076185,-23.52645,30.442608333333332,False,archean
SAMTEX.CPV012.2006,SAMTEX.CPV012.2006.edi,0.602024307235503,-18.000644444444443,21.230691666666665,False,paleoproterozoic_shields
SAMTEX.rtz408.2005,SAMTEX.rtz408.2005.edi,0.6148909116728738,-24.5727,22.06202777777778,False,paleoproterozoic_belts
SAMTEX.rtzf03.2005,SAMTEX.rtzf03.2005.edi,0.6200005256312278,-24.57138888888889,22.006666666666668,False,paleoproterozoic_belts
SAMTEX.kap069.2003,SAMTEX.kap069.2003.edi,0.6204466105233084,-23.040450000000003,29.1175,False,archean
SAMTEX.witb11.2004,SAMTEX.witb11.2004.edi,0.622938673362226,-26.467422222222226,26.217027777777776,False,archean
SAMTEX.kim006.2003-2006,SAMTEX.kim006.2003-2006.edi,0.6244958948879398,-28.231311111111108,23.92203055555556,False,archean
SAMTEX.ETO024A.2008,SAMTEX.ETO024A.2008.edi,0.6283558719138859,-17.97531111111111,14.281969444444446,False,paleoproterozoic_shields
SAMTEX.win005.2006,SAMTEX.win005.2006.edi,0.6285441131816517,-20.40258888888889,22.77110833333333,False,mesoproterozoic_belts
SAMTEX.win027.2006,SAMTEX.win027.2006.edi,0.630237460599834,-22.389227777777776,19.129219444444445,False,paleoproterozoic_shields
SAMTEX.witb31.2004,SAMTEX.witb31.2004.edi,0.632468216302729,-26.983533333333337,26.546475,False,archean
PRIDE.ZAM30B_RH_ZAM29B.2011-2012,PRIDE.ZAM30B_RH_ZAM29B.2011-2012.edi,0.6395637631772025,-15.018108333333334,24.142691666666668,False,neoproterozoic
SAMTEX.rtz412.2005,SAMTEX.rtz412.2005.edi,0.6445605217957266,-24.044644444444447,21.792583333333337,False,paleoproterozoic_shields
SAMTEX.kim443.2004,SAMTEX.kim443.2004.edi,0.660171308112268,-22.608505555555556,16.903055555555554,False,neoproterozoic
SAMTEX.RAK053A.2008,SAMTEX.RAK053A.2008.edi,0.6641475545748017,-17.612366666666667,24.396466666666665,False,mesoproterozoic_belts
SAMTEX.win023.2006,SAMTEX.win023.2006.edi,0.6669057227055336,-22.306116666666668,19.88244166666667,False,paleoproterozoic_shields
SAMTEX.oka009.2006,SAMTEX.oka009.2006.edi,0.6680844427068141,-19.185277777777777,22.22305555555555,False,neoproterozoic
SAMTEX.win032.2006,SAMTEX.win032.2006.edi,0.6697949725833995,-22.355755555555557,18.164441666666665,False,neoproterozoic
SAMTEX.bot220.2005,SAMTEX.bot220.2005.edi,0.669820929364535,-24.615755555555555,24.66147222222222,False,archean
PRIDE.ZAM22B_LH_ZAM22B.2011-2012,PRIDE.ZAM22B_LH_ZAM22B.2011-2012.edi,0.6721085016467798,-15.821055555555557,23.31463888888889,False,neoproterozoic
SAMTEX.rtz425.2005,SAMTEX.rtz425.2005.edi,0.6722908261411635,-22.58322777777778,20.22110833333333,False,paleoproterozoic_shields
SAMTEX.ELG092A.2008,SAMTEX.ELG092A.2008.edi,0.6726435097138721,-20.388394444444444,16.487525,False,neoproterozoic
PRIDE.ZAM002A_RH_ZAM00.2011-2012,PRIDE.ZAM002A_RH_ZAM00.2011-2012.edi,0.6786905759776598,-17.236219444444444,24.709969444444443,False,mesoproterozoic_belts
SAMTEX.zim114.2005,SAMTEX.zim114.2005.edi,0.6793088829668478,-20.60295,26.559166666666663,False,archean
PRIDE.ZAM17B_LH_ZAM17B.2011-2012,PRIDE.ZAM17B_LH_ZAM17B.2011-2012.edi,0.6832576139022183,-16.38660833333333,22.868277777777777,False,neoproterozoic
SAMTEX.ELZ101A.2008,SAMTEX.ELZ101A.2008.edi,0.6841187417061108,-17.667561111111112,24.11821944444445,False,neoproterozoic
SAMTEX.rtzf02.2005,SAMTEX.rtzf02.2005.edi,0.6880700637177605,-24.570172222222222,21.8075,False,paleoproterozoic_shields
SAMTEX.CPV015.2006,SAMTEX.CPV015.2006.edi,0.6905417807070946,-18.169422222222224,21.684580555555556,False,neoproterozoic
SAMTEX.zim106.2005,SAMTEX.zim106.2005.edi,0.6974855524745773,-21.571005555555555,27.39388888888889,False,archean
SAMTEX.RAK014A.2008,SAMTEX.RAK014A.2008.edi,0.7193475599690797,-17.57631111111111,16.792775000000002,False,paleoproterozoic_shields
SAMTEX.kim009_L.2003-2006,SAMTEX.kim009_L.2003-2006.edi,0.7193685905071243,-28.736283333333333,24.513330555555555,False,archean
SAMTEX.win011.2006,SAMTEX.win011.2006.edi,0.7278699268431521,-21.328394444444445,22.17155277777778,False,mesoproterozoic_belts
PRIDE.ZAM014A_RH_ZAM01.2011-2012,PRIDE.ZAM014A_RH_ZAM01.2011-2012.edi,0.7421316747800937,-15.379555555555555,24.690166666666663,False,neoproterozoic
SAMTEX.dmb021.2006,SAMTEX.dmb021.2006.edi,0.7573914963755656,-21.824894444444443,18.837777777777777,False,mesoproterozoic_belts
SAMTEX.kap035.2003,SAMTEX.kap035.2003.edi,0.7610610061887978,-27.711941666666664,24.799166666666668,False,archean
SAMTEX.NEN019.2006,SAMTEX.NEN019.2006.edi,0.7644158137729875,-18.80095,20.103775,False,paleoproterozoic_shields
SAMTEX.LIM002A.2008,SAMTEX.LIM002A.2008.edi,0.7662131290700487,-23.175394444444446,28.27252777777778,False,limpopo
SAMTEX.kim404.2004,SAMTEX.kim404.2004.edi,0.7678634347094648,-27.199616666666667,22.575555555555557,False,paleoproterozoic_belts
SAMTEX.RAK008A.2008,SAMTEX.RAK008A.2008.edi,0.7696131348957739,-17.710366666666665,15.573605555555556,False,paleoproterozoic_shields
PRIDE.ZAM20B_RH_ZAM19B.2011-2012,PRIDE.ZAM20B_RH_ZAM19B.2011-2012.edi,0.7787412565735149,-16.17988888888889,23.340441666666667,False,neoproterozoic
SAMTEX.kap053.2003,SAMTEX.kap053.2003.edi,0.7872169648751981,-25.24888888888889,27.10194166666667,False,archean
PRIDE.ZAMC64L.2011-2012,PRIDE.ZAMC64L.2011-2012.edi,0.7910469523744255,-13.20778611111111,24.64087222222222,False,neoproterozoic
SAMTEX.ELG913A.2008,SAMTEX.ELG913A.2008.edi,0.8008828974349532,-20.524283333333333,16.154941666666666,False,neoproterozoic
SAMTEX.wita22.2004,SAMTEX.wita22.2004.edi,0.8046295601007504,-27.058811111111112,27.020919444444445,False,archean
SAMTEX.NEN015.2006,SAMTEX.NEN015.2006.edi,0.8080854610647767,-19.524227777777774,20.31616388888889,False,paleoproterozoic_shields
PRIDE.ZAM19B_RH_ZAM20B.2011-2012,PRIDE.ZAM19B_RH_ZAM20B.2011-2012.edi,0.8084424595632003,-16.360608333333335,23.367608333333333,False,neoproterozoic
SAMTEX.win031.2006,SAMTEX.win031.2006.edi,0.8087525815094834,-22.37164444444445,18.357525000000003,False,mesoproterozoic_belts
SAMTEX.ELZ103A.2008,SAMTEX.ELZ103A.2008.edi,0.8092550486474449,-17.556283333333333,24.43094166666667,False,mesoproterozoic_belts
PRIDE.ZAM35B_RH_ZAM38B.2011-2012,PRIDE.ZAM35B_RH_ZAM38B.2011-2012.edi,0.815811684102915,-14.615719444444444,24.394441666666665,False,neoproterozoic
SAMTEX.kim001.2003-2006,SAMTEX.kim001.2003-2006.edi,0.817368151618908,-27.658505555555553,23.170555555555556,False,archean
SAMTEX.zim121.2005,SAMTEX.zim121.2005.edi,0.8177434369578076,-19.55600555555556,25.962219444444443,False,paleoproterozoic_belts
PRIDE.ZAM24B_RH_ZAM23B.2011-2012,PRIDE.ZAM24B_RH_ZAM23B.2011-2012.edi,0.8221657679563055,-15.446830555555556,23.240219444444445,False,neoproterozoic
SAMTEX.ETO004A.2008,SAMTEX.ETO004A.2008.edi,0.8261745061159433,-21.446755555555555,15.884275,False,neoproterozoic
SAMTEX.kim019.2003-2006,SAMTEX.kim019.2003-2006.edi,0.8344373250278545,-29.95992222222222,26.02758888888889,False,archean
SAMTEX.ELG001A.2008,SAMTEX.ELG001A.2008.edi,0.8380129631341032,-20.25817222222222,16.33735833333333,False,neoproterozoic
PRIDE.ZAM38B_RH_ZAM35B.2011-2012,PRIDE.ZAM38B_RH_ZAM35B.2011-2012.edi,0.8383197890716181,-14.375555555555556,23.960638888888887,False,neoproterozoic
PRIDE.ZAM25B_RH_ZAM27B.2011-2012,PRIDE.ZAM25B_RH_ZAM27B.2011-2012.edi,0.8604524662111608,-15.251219444444445,23.24008055555556,False,neoproterozoic
SAMTEX.ELG007A.2008,SAMTEX.ELG007A.2008.edi,0.8627518793194913,-20.69922777777778,16.607802777777778,False,neoproterozoic
SAMTEX.kim406.2004,SAMTEX.kim406.2004.edi,0.8773937275472861,-26.973505555555555,22.292219444444445,False,paleoproterozoic_belts
SAMTEX.kim013.2003-2006,SAMTEX.kim013.2003-2006.edi,0.8810768541403913,-29.261588888888888,25.14036388888889,False,archean
SAMTEX.NEN018.2006,SAMTEX.NEN018.2006.edi,0.8843520361236041,-18.983977777777778,20.163525,False,paleoproterozoic_shields
SAMTEX.ELG003A.2008,SAMTEX.ELG003A.2008.edi,0.893214925966183,-20.1012,16.22088611111111,False,neoproterozoic
SAMTEX.sso101.2005,SAMTEX.sso101.2005.edi,0.8958211302355275,-22.960555555555555,27.935277777777777,False,limpopo
SAMTEX.RAK004A.2008,SAMTEX.RAK004A.2008.edi,0.9088747976801596,-17.45881111111111,14.799355555555556,False,paleoproterozoic_shields
SAMTEX.CPV011.2006,SAMTEX.CPV011.2006.edi,0.9127853588634698,-18.01545,21.017163888888888,False,paleoproterozoic_shields
SAMTEX.GIB011A.2008,SAMTEX.GIB011A.2008.edi,0.9246642572565272,-25.15592222222222,17.808333333333334,False,paleoproterozoic_shields
SAMTEX.CPV021.2006,SAMTEX.CPV021.2006.edi,0.9275800248164012,-17.89003333333333,22.78916388888889,False,neoproterozoic
SAMTEX.rtz212.2005,SAMTEX.rtz212.2005.edi,0.929118812307252,-25.209441666666667,23.531941666666665,False,archean
SAMTEX.ELG009A.2008,SAMTEX.ELG009A.2008.edi,0.9409471879749602,-20.301755555555555,16.264802777777778,False,neoproterozoic
SAMTEX.ELG005A.2008,SAMTEX.ELG005A.2008.edi,0.9454430895930552,-20.57722777777778,16.597997222222222,False,neoproterozoic
SAMTEX.rtz203.2005,SAMTEX.rtz203.2005.edi,0.9543920779509816,-25.286283333333333,25.076666666666668,False,archean
SAMTEX.NEN119.2006,SAMTEX.NEN119.2006.edi,0.9589420239600732,-18.820616666666663,20.10230277777778,False,paleoproterozoic_shields
SAMTEX.bot402.2005,SAMTEX.bot402.2005.edi,0.9592998239001816,-25.222394444444443,25.284719444444445,False,archean
SAMTEX.GIB009A.true.2008,SAMTEX.GIB009A.true.2008.edi,0.9709686594120632,-25.045922222222224,18.22622222222222,False,paleoproterozoic_shields
SAMTEX.kap052.2003,SAMTEX.kap052.2003.edi,0.9715468154848272,-25.32795,26.92833055555556,False,archean
SAMTEX.dmb025.2006,SAMTEX.dmb025.2006.edi,0.9774183569647013,-22.56295,18.9425,False,paleoproterozoic_shields
SAMTEX.NEN004.2006,SAMTEX.NEN004.2006.edi,0.989737913263022,-21.441866666666662,20.80388611111111,False,mesoproterozoic_belts
PRIDE.ZAM36B_RH_ZAM37B.2011-2012,PRIDE.ZAM36B_RH_ZAM37B.2011-2012.edi,1.0007760426135406,-14.503638888888888,24.249469444444447,False,neoproterozoic
SAMTEX.RAK003A.2008,SAMTEX.RAK003A.2008.edi,1.021378152922202,-17.424144444444444,14.58455277777778,False,paleoproterozoic_shields
SAMTEX.NEN007.2006,SAMTEX.NEN007.2006.edi,1.0236591499814487,-20.862755555555555,20.684997222222226,False,neoproterozoic
SAMTEX.LIM001A.2008,SAMTEX.LIM001A.2008.edi,1.0306751486558174,-23.116366666666668,28.10816666666667,False,limpopo
SAMTEX.bot209.2005,SAMTEX.bot209.2005.edi,1.0316387313105282,-26.054616666666668,26.17944166666667,False,archean
SAMTEX.ELZ002A.2008,SAMTEX.ELZ002A.2008.edi,1.0370784356001077,-17.59942222222222,24.217775,False,neoproterozoic
SAMTEX.GIB016A.2008,SAMTEX.GIB016A.2008.edi,1.040461291710273,-25.259144444444445,16.78147222222222,False,mesoproterozoic_belts
SAMTEX.sso116.2005,SAMTEX.sso116.2005.edi,1.0465253899631648,-21.638055555555557,25.79638888888889,False,limpopo
SAMTEX.rtz209.2005,SAMTEX.rtz209.2005.edi,1.052577377846801,-25.41381111111111,24.07925,False,archean
SAMTEX.NEN009.2006,SAMTEX.NEN009.2006.edi,1.0613352257130386,-20.58245,20.561552777777777,False,neoproterozoic
SAMTEX.win036.2006,SAMTEX.win036.2006.edi,1.063865224628189,-22.50433888888889,17.403055555555554,False,neoproterozoic
SAMTEX.ELG011A.2008,SAMTEX.ELG011A.2008.edi,1.0722245403140933,-20.279755555555553,16.632025,False,neoproterozoic
SAMTEX.NEN014.2006,SAMTEX.NEN014.2006.edi,1.0748659154381843,-19.65842222222222,20.425219444444444,False,paleoproterozoic_shields
SAMTEX.ELZ201A.2008,SAMTEX.ELZ201A.2008.edi,1.0827400958139928,-17.72381111111111,23.930141666666668,False,neoproterozoic
SAMTEX.LOW009A_auto.tru.2008,SAMTEX.LOW009A_auto.tru.2008.edi,1.0848254935404982,-23.717033333333333,30.53480555555556,False,archean
SAMTEX.ELG002A.2008,SAMTEX.ELG002A.2008.edi,1.0956889376580954,-20.38842222222222,16.487525,False,neoproterozoic
SAMTEX.kap040.2003,SAMTEX.kap040.2003.edi,1.0969432013401672,-27.028783333333333,25.4775,False,archean
SAMTEX.LOW001A_auto.tru.2008,SAMTEX.LOW001A_auto.tru.2008.edi,1.104509352097114,-22.345422222222226,29.96646944444444,False,limpopo
SAMTEX.ETO025A.2008,SAMTEX.ETO025A.2008.edi,1.10741143641909,-17.80411666666667,14.270105555555556,False,paleoproterozoic_shields
SAMTEX.witb25.2004,SAMTEX.witb25.2004.edi,1.1184724157468342,-26.822144444444444,26.452027777777776,False,archean
SAMTEX.LIM003A.2008,SAMTEX.LIM003A.2008.edi,1.1309912615985518,-23.27931111111111,28.444469444444444,False,archean
SAMTEX.kap070.2003,SAMTEX.kap070.2003.edi,1.1323154649824356,-22.860277777777775,29.220830555555555,False,limpopo
SAMTEX.kap032.2003,SAMTEX.kap032.2003.edi,1.1359443371089768,-28.135727777777777,24.37,False,archean
SAMTEX.kap064.2003,SAMTEX.kap064.2003.edi,1.1533819317605205,-23.665727777777775,28.415830555555555,False,archean
PRIDE.ZAM23B_RH_ZAM24B.2011-2012,PRIDE.ZAM23B_RH_ZAM24B.2011-2012.edi,1.1544146209921184,-15.637969444444444,23.309691666666662,False,neoproterozoic
SAMTEX.NEN008.2006,SAMTEX.NEN008.2006.edi,1.167326484236747,-20.739644444444444,20.64463611111111,False,neoproterozoic
SAMTEX.oka013.2006,SAMTEX.oka013.2006.edi,1.190692011536271,-18.567338888888887,21.985522222222222,False,neoproterozoic
SAMTEX.ELG004B.2008,SAMTEX.ELG004B.2008.edi,1.19669507741357,-20.49311666666667,16.584608333333332,False,neoproterozoic
SAMTEX.rtz213.2005,SAMTEX.rtz213.2005.edi,1.2140781408957528,-25.12795,23.343608333333332,False,archean
SAMTEX.oka014.2006,SAMTEX.oka014.2006.edi,1.217755522542014,-18.438783333333333,21.88583055555555,False,neoproterozoic
SAMTEX.LOW010A_auto.tru.2008,SAMTEX.LOW010A_auto.tru.2008.edi,1.2279230041131834,-23.89431111111111,30.52511111111111,False,archean
PRIDE.ZAM015A_RH_ZAM01.2011-2012,PRIDE.ZAM015A_RH_ZAM01.2011-2012.edi,1.2290271732582545,-15.232888888888889,24.582166666666662,False,neoproterozoic
SAMTEX.witb27.2004,SAMTEX.witb27.2004.edi,1.231274603601377,-26.873811111111113,26.483141666666665,False,archean
SAMTEX.witb21.2004,SAMTEX.witb21.2004.edi,1.2406328231231625,-26.720755555555552,26.381752777777777,False,archean
SAMTEX.ETO008A.2008,SAMTEX.ETO008A.2008.edi,1.2429048637518647,-20.81033888888889,15.484274999999998,False,neoproterozoic
SAMTEX.kap047.2003,SAMTEX.kap047.2003.edi,1.244339692953808,-26.046561111111114,26.34805555555555,False,archean
SAMTEX.RAK006A.2008,SAMTEX.RAK006A.2008.edi,1.3158080060586044,-17.617894444444445,15.181302777777775,False,paleoproterozoic_shields
SAMTEX.kap031.2003,SAMTEX.kap031.2003.edi,1.3209416437235653,-28.243055555555557,24.259441666666667,False,archean
SAMTEX.ELG012B.2008,SAMTEX.ELG012B.2008.edi,1.3300659623385718,-20.39342222222222,16.35494166666667,False,neoproterozoic
SAMTEX.win040.2006,SAMTEX.win040.2006.edi,1.3450942220775162,-22.667672222222222,16.625830555555556,False,neoproterozoic
SAMTEX.kap048.2003,SAMTEX.kap048.2003.edi,1.3491768525851469,-25.927950000000003,26.450830555555555,False,archean
SAMTEX.win029.2006,SAMTEX.win029.2006.edi,1.375235926655827,-22.4062,18.731691666666663,False,mesoproterozoic_belts
SAMTEX.bot210.2005,SAMTEX.bot210.2005.edi,1.417310359818764,-26.008227777777776,26.03888888888889,False,archean
SAMTEX.rtz421.2005,SAMTEX.rtz421.2005.edi,1.4324926965408138,-23.29146388888889,20.309805555555556,False,paleoproterozoic_shields
SAMTEX.wita24.2004,SAMTEX.wita24.2004.edi,1.433016220155624,-27.05825555555556,27.084530555555553,False,archean
SAMTEX.ELZ001A.2008,SAMTEX.ELZ001A.2008.edi,1.4332382903957668,-17.552283333333335,24.14602222222222,False,neoproterozoic
SAMTEX.kap066.2003,SAMTEX.kap066.2003.edi,1.4506899889020095,-23.451283333333333,28.71527777777778,False,archean
SAMTEX.ETO021A.2008,SAMTEX.ETO021A.2008.edi,1.484159572989091,-18.563866666666662,14.301358333333337,False,paleoproterozoic_shields
SAMTEX.ELZ555A.2008,SAMTEX.ELZ555A.2008.edi,1.4876363261658268,-17.497977777777777,24.23566388888889,False,neoproterozoic
SAMTEX.bot202.2005,SAMTEX.bot202.2005.edi,1.5092014337374478,-26.941005555555556,27.268608333333333,False,archean
SAMTEX.LIM004A.2008,SAMTEX.LIM004A.2008.edi,1.5178116755418032,-23.40931111111111,28.575222222222223,False,archean
PRIDE.ZAMC65L2.2011-2012,PRIDE.ZAMC65L2.2011-2012.edi,1.5325939955751278,-13.259391666666666,23.313072222222225,False,neoproterozoic
SAMTEX.win041.2006,SAMTEX.win041.2006.edi,1.5504296640924022,-22.734616666666668,16.465,False,neoproterozoic
SAMTEX.ELZ191A.2008,SAMTEX.ELZ191A.2008.edi,1.563145324059306,-17.667561111111112,24.11821944444445,False,neoproterozoic
SAMTEX.kap057.2003,SAMTEX.kap057.2003.edi,1.5864783905772906,-24.638783333333333,27.596666666666664,False,archean
SAMTEX.bot204.2005,SAMTEX.bot204.2005.edi,1.61845059438371,-26.68517222222222,26.951941666666663,False,archean
SAMTEX.CPV017.2006,SAMTEX.CPV017.2006.edi,1.6298686274459446,-18.04472777777778,21.992775,False,neoproterozoic
SAMTEX.ELG014A.2008,SAMTEX.ELG014A.2008.edi,1.6560824502182936,-20.086227777777776,16.718441666666664,False,neoproterozoic
SAMTEX.kal004.2008,SAMTEX.kal004.2008.edi,1.6929494930740492,-22.109811111111114,22.315691666666662,False,paleoproterozoic_belts
SAMTEX.win035.2006,SAMTEX.win035.2006.edi,1.7184845870176324,-22.437116666666668,17.605,False,neoproterozoic
SAMTEX.ETO026A.2008,SAMTEX.ETO026A.2008.edi,1.7598636325057335,-17.60600555555556,14.321383333333332,False,paleoproterozoic_shields
SAMTEX.dmb012.2006,SAMTEX.dmb012.2006.edi,1.7721865459361348,-20.217477777777777,18.34324722222222,False,neoproterozoic
SAMTEX.GIB005B.2008,SAMTEX.GIB005B.2008.edi,1.7740119250292308,-24.76595,19.024305555555554,False,paleoproterozoic_shields
SAMTEX.ETO015A.2008,SAMTEX.ETO015A.2008.edi,1.8049590003523677,-19.63447777777778,14.730830555555556,False,paleoproterozoic_belts
SAMTEX.kap051.2003,SAMTEX.kap051.2003.edi,1.8532059493381603,-25.47406111111111,26.84,False,archean
SAMTEX.RAK001A.2008,SAMTEX.RAK001A.2008.edi,1.8988347176206009,-17.42608888888889,14.171302777777775,False,paleoproterozoic_shields
SAMTEX.ELG008A.2008,SAMTEX.ELG008A.2008.edi,1.9079892859164191,-20.142227777777777,16.45660833333333,False,neoproterozoic
SAMTEX.RAK010A.2008,SAMTEX.RAK010A.2008.edi,1.9228913663753264,-17.5202,15.973552777777778,False,paleoproterozoic_shields
PRIDE.ZAM018A_RH_ZAM01.2011-2012,PRIDE.ZAM018A_RH_ZAM01.2011-2012.edi,1.9461558209196788,-14.772108333333334,24.57485833333333,False,neoproterozoic
SAMTEX.bot405.2005,SAMTEX.bot405.2005.edi,1.9630013460452085,-24.72853333333333,25.498972222222225,False,archean
SAMTEX.CPV018.2006,SAMTEX.CPV018.2006.edi,1.9679853000949084,-18.03256111111111,22.178133333333335,False,neoproterozoic
SAMTEX.bot208.2005,SAMTEX.bot208.2005.edi,2.0248154124993305,-26.238783333333338,26.343608333333332,False,archean
SAMTEX.kap046.2003,SAMTEX.kap046.2003.edi,2.253958253302988,-26.230727777777776,26.14055555555555,False,archean
SAMTEX.kap065.2003,SAMTEX.kap065.2003.edi,2.286247960038042,-23.565727777777777,28.604441666666663,False,archean
SAMTEX.witb26.2004,SAMTEX.witb26.2004.edi,2.3032915701569965,-26.85408888888889,26.47008333333333,False,archean
SAMTEX.CPV010.2006,SAMTEX.CPV010.2006.edi,2.3361112664523604,-18.043922222222225,20.84061388888889,False,paleoproterozoic_shields
SAMTEX.wita25.2004,SAMTEX.wita25.2004.edi,2.382618873251338,-27.05158888888889,27.118141666666663,False,archean
SAMTEX.witb12.2004,SAMTEX.witb12.2004.edi,2.424474148733374,-26.50047777777778,26.24286388888889,False,archean
SAMTEX.win026.2006,SAMTEX.win026.2006.edi,2.4409439563760187,-22.33992222222222,19.30558055555556,False,paleoproterozoic_shields
SAMTEX.mof124.2005,SAMTEX.mof124.2005.edi,2.442237504004602,-21.081005555555556,26.72305555555555,False,archean
SAMTEX.ETO017A.2008,SAMTEX.ETO017A.2008.edi,2.595217903774118,-19.301144444444446,14.458330555555555,False,paleoproterozoic_belts
PRIDE.ZAM004A_RH_ZAM00.2011-2012,PRIDE.ZAM004A_RH_ZAM00.2011-2012.edi,2.6303277846649613,-16.969638888888888,24.94855555555555,False,mesoproterozoic_belts
SAMTEX.kap049.2003,SAMTEX.kap049.2003.edi,2.702008869052612,-25.762116666666667,26.60833055555556,False,archean
SAMTEX.kim401.2004,SAMTEX.kim401.2004.edi,2.746961175911704,-27.553505555555557,22.990555555555556,False,archean
SAMTEX.kim018_H.2003-2006,SAMTEX.kim018_H.2003-2006.edi,2.8012942141804844,-29.86131111111111,25.90258611111111,False,archean
SAMTEX.CPV014.2006,SAMTEX.CPV014.2006.edi,2.816616196162404,-18.08795,21.629883333333336,False,neoproterozoic
SAMTEX.oka012.2006,SAMTEX.oka012.2006.edi,2.850823433135245,-18.690533333333335,22.106719444444447,False,neoproterozoic
SAMTEX.ETO023A.2008,SAMTEX.ETO023A.2008.edi,2.8996880230339683,-18.16114444444444,14.294191666666666,False,paleoproterozoic_shields
SAMTEX.kim402.2004,SAMTEX.kim402.2004.edi,3.0104194668370927,-27.436283333333332,22.855830555555556,False,archean
SAMTEX.bot203.2005,SAMTEX.bot203.2005.edi,3.0155125933541127,-26.809338888888888,27.110277777777775,False,archean
SAMTEX.ETO020A.2008,SAMTEX.ETO020A.2008.edi,3.044970290412196,-18.76831111111111,14.338191666666669,False,paleoproterozoic_shields
SAMTEX.wita27.2004,SAMTEX.wita27.2004.edi,3.0477573158709044,-27.048533333333335,27.175641666666667,False,archean
SAMTEX.witb23.2004,SAMTEX.witb23.2004.edi,3.191242858707952,-26.783811111111113,26.41925277777778,False,archean
PRIDE.ZAM006A_RH_ZAM00.2011-2012,PRIDE.ZAM006A_RH_ZAM00.2011-2012.edi,3.54573199640178,-16.68502777777778,25.00738888888889,False,mesoproterozoic_belts
SAMTEX.ELG010A.2008,SAMTEX.ELG010A.2008.edi,3.547595306850561,-20.226588888888887,16.525802777777777,False,neoproterozoic
SAMTEX.NEN013.2006,SAMTEX.NEN013.2006.edi,3.9510108724856137,-19.84181111111111,20.422775,False,paleoproterozoic_shields
SAMTEX.kim004_L.2003-2006,SAMTEX.kim004_L.2003-2006.edi,4.669127081426278,-28.024616666666667,23.61916666666667,False,archean
SAMTEX.ETO009A.2008,SAMTEX.ETO009A.2008.edi,5.0302465321779986,-20.673422222222225,15.364330555555556,False,neoproterozoic
SAMTEX.wita23.2004,SAMTEX.wita23.2004.edi,5.1854575636346345,-27.061866666666667,27.049530555555556,False,archean
SAMTEX.bot207.2005,SAMTEX.bot207.2005.edi,5.606362752048871,-26.374616666666668,26.49138888888889,False,archean
SAMTEX.kim005.2003-2006,SAMTEX.kim005.2003-2006.edi,5.889848377926699,-28.15881111111111,23.788975,False,archean
SAMTEX.kap056.2003,SAMTEX.kap056.2003.edi,6.9629431225642815,-24.77860833333333,27.475555555555555,False,archean
SAMTEX.dmb013.2006,SAMTEX.dmb013.2006.edi,7.372135335754938,-20.354561111111114,18.345052777777777,False,neoproterozoic
SAMTEX.bot417.2005,SAMTEX.bot417.2005.edi,8.105418611250649,-22.777116666666664,26.401941666666666,False,limpopo
SAMTEX.bot201.2005,SAMTEX.bot201.2005.edi,8.34227145939721,-27.038783333333335,27.41638888888889,False,archean
SAMTEX.win042.2006,SAMTEX.win042.2006.edi,9.57728431083784,-22.81795,16.280555555555555,False,neoproterozoic
SAMTEX.kim441.2004,SAMTEX.kim441.2004.edi,15.328404714762494,-22.85158888888889,17.211191666666664,False,neoproterozoic
SAMTEX.zim115.2005,SAMTEX.zim115.2005.edi,18.312266623149817,-20.516561111111113,26.38,False,archean
SAMTEX.bot403.2005,SAMTEX.bot403.2005.edi,22.42540286352981,-25.034519444444445,25.325916666666668,False,archean
SAMTEX.kap036.2003,SAMTEX.kap036.2003.edi,51.99808791454822,-27.54211666666667,25.031941666666665,False,archean
SAMTEX.rtz208.2005,SAMTEX.rtz208.2005.edi,53.97010636869848,-25.405830555555553,24.278055555555554,False,archean
SAMTEX.kim440.2004,SAMTEX.kim440.2004.edi,72.44076625236264,-22.974644444444444,17.379358333333332,False,neoproterozoic
SAMTEX.LOW012A_auto.tru.2008,SAMTEX.LOW012A_auto.tru.2008.edi,78.4519462243246,-24.219394444444443,30.75922222222222,False,archean
PRIDE.ZAM12B_RH_ZAM13B.2011-2012,PRIDE.ZAM12B_RH_ZAM13B.2011-2012.edi,120.69913773142848,-16.32438888888889,22.13191666666667,False,neoproterozoic
