File,MedianLogRho_det,MedianRho_det,Nperiods
PRIDE.ZAM001A_RH_ZAM00.2011-2012.edi,7.037120085165629,10892312.312254572,84
PRIDE.ZAM002A_RH_ZAM00.2011-2012.edi,7.171025488263742,14826309.816345172,84
PRIDE.ZAM003A_RH_ZAM00.2011-2012.edi,7.313990582449713,20605962.506836712,84
PRIDE.ZAM004A_RH_ZAM00.2011-2012.edi,7.57575056956793,37648807.771666124,60
PRIDE.ZAM006A_RH_ZAM00.2011-2012.edi,7.168413252698533,14738868.96107542,84
PRIDE.ZAM007A_RH_ZAM01.2011-2012.edi,9.400320216247348,2514001592.538136,84
PRIDE.ZAM008A_RH_ZAM01.2011-2012.edi,9.434972063832166,2723015741.291934,88
PRIDE.ZAM009A_RH_ZAM01.2011-2012.edi,9.007787473444601,1018146458.1076698,84
PRIDE.ZAM010A_RH_ZAM00.2011-2012.edi,8.761661855681709,577692359.1360346,88
PRIDE.ZAM011A_RH_ZAM00.2011-2012.edi,9.032247301577577,1077078955.5670342,84
PRIDE.ZAM012A_RH_ZAM00.2011-2012.edi,7.937813440129958,86735412.19586286,80
PRIDE.ZAM013A_RH_ZAM01.2011-2012.edi,7.78625339793898,61137201.40117197,88
PRIDE.ZAM014A_RH_ZAM01.2011-2012.edi,7.939321918610103,87072897.62004727,92
PRIDE.ZAM015A_RH_ZAM01.2011-2012.edi,7.971323072406719,93612799.44338167,88
PRIDE.ZAM016A_RH_ZAM01.2011-2012.edi,8.20853031393408,161640586.0266701,92
PRIDE.ZAM017A_RH_ZAM01.2011-2012.edi,7.8781586833994695,75540865.4473813,84
PRIDE.ZAM018A_RH_ZAM01.2011-2012.edi,8.005968852695196,101540565.66788629,84
PRIDE.ZAM01B_RH_ZAM03B.2011-2012.edi,8.116291548198795,130712237.99388579,80
PRIDE.ZAM02B_RH_ZAM07B.2011-2012.edi,9.093009872395106,1238824747.2113695,69
PRIDE.ZAM03B_RH_ZAM01B.2011-2012.edi,8.915933677276088,824016020.0160835,80
PRIDE.ZAM04B_RH_ZAM05B.2011-2012.edi,9.072491421614838,1181684508.936591,80
PRIDE.ZAM05B_RH_ZAM04B.2011-2012.edi,9.066949143935862,1166871235.4423141,56
PRIDE.ZAM06B_LH_ZAM06B.2011-2012.edi,8.639116937088135,435629154.3543348,65
PRIDE.ZAM07B_RH_ZAM09B.2011-2012.edi,7.644573093119327,44119624.84948583,80
PRIDE.ZAM08B_RH_ZAM07B.2011-2012.edi,7.665959218144143,46368575.21472335,52
PRIDE.ZAM09B_RH_ZAM07B.2011-2012.edi,7.867424629272051,73819152.12152687,80
PRIDE.ZAM10B_RH_ZAM18B.2011-2012.edi,7.423797027001962,26533651.884939462,65
PRIDE.ZAM12B_RH_ZAM13B.2011-2012.edi,7.17491662753272,14959484.480121927,73
PRIDE.ZAM13B_RH_ZAM12B.2011-2012.edi,7.083782225693594,12127805.56587447,73
PRIDE.ZAM14B_RH_ZAM15B.2011-2012.edi,6.675043110945327,4731982.294189928,61
PRIDE.ZAM15B_RH_ZAM16B.2011-2012.edi,7.052209760934976,11277420.154807776,65
PRIDE.ZAM16B_RH_ZAM15B.2011-2012.edi,7.640334675384538,43685234.908489086,65
PRIDE.ZAM17B_LH_ZAM17B.2011-2012.edi,7.278140059374747,18973177.049136672,73
PRIDE.ZAM18B_RH_ZAM10B.2011-2012.edi,7.700596159045363,50187568.92323378,65
PRIDE.ZAM19B_RH_ZAM20B.2011-2012.edi,7.783577576170854,60933509.74194084,84
PRIDE.ZAM20B_RH_ZAM19B.2011-2012.edi,7.782203343771641,60588340.902664796,84
PRIDE.ZAM21B_RH_ZAM20B.2011-2012.edi,7.927699342772116,84664568.46021223,56
PRIDE.ZAM22B_LH_ZAM22B.2011-2012.edi,7.292644618473089,19624920.008577157,84
PRIDE.ZAM23B_RH_ZAM24B.2011-2012.edi,7.391521066956872,24633223.38709883,64
PRIDE.ZAM24B_RH_ZAM23B.2011-2012.edi,7.534930762747914,34323945.25908054,64
PRIDE.ZAM25B_RH_ZAM27B.2011-2012.edi,7.374201080719612,23697920.169636354,84
PRIDE.ZAM26B_RH_ZAM28B.2011-2012.edi,7.429105407747413,26879850.247010864,84
PRIDE.ZAM27B_RH_ZAM25B.2011-2012.edi,7.6596650906424895,45691857.85815568,84
PRIDE.ZAM28B_RH_ZAM26B.2011-2012.edi,7.526104631454837,33581910.0010237,84
PRIDE.ZAM29B_RH_ZAM30B.2011-2012.edi,7.58038986216034,38056567.16107377,80
PRIDE.ZAM30B_RH_ZAM29B.2011-2012.edi,7.607444522824254,40530461.79959676,80
PRIDE.ZAM31B_RH_ZAM39B.2011-2012.edi,7.746239828953555,55753549.738584325,80
PRIDE.ZAM32B_RH_ZAM33B.2011-2012.edi,7.772503533085933,59340655.56211837,84
PRIDE.ZAM33B_RH_ZAM32B.2011-2012.edi,7.485018881183881,30565490.899408463,84
PRIDE.ZAM34B_RH_ZAM40B.2011-2012.edi,7.880157876474802,75928480.75403221,76
PRIDE.ZAM35B_RH_ZAM38B.2011-2012.edi,7.722365729759436,52767404.12867655,71
PRIDE.ZAM36B_RH_ZAM37B.2011-2012.edi,7.692466539871051,49262071.24021119,80
PRIDE.ZAM37B_RH_ZAM36B.2011-2012.edi,7.434978136520048,27225764.11695928,80
PRIDE.ZAM38B_RH_ZAM35B.2011-2012.edi,-5.212499419476795,6.1305661162454605e-06,71
PRIDE.ZAM39B_RH_ZAM42B.2011-2012.edi,7.496335233670338,31362438.498484462,84
PRIDE.ZAM40B_RH_ZAM34B.2011-2012.edi,7.422834174699916,26477134.76343932,76
PRIDE.ZAM42B_RH_ZAM39B.2011-2012.edi,7.323590716688578,21074169.00264357,84
PRIDE.ZAMC64L.2011-2012.edi,6.028210449964429,1067113.0965072864,25
PRIDE.ZAMC65L1.2011-2012.edi,6.974096938914281,9421734.07987672,24
PRIDE.ZAMC65L2.2011-2012.edi,8.246060493126633,176231860.893467,24
SAMTEX.CPV001.2006.edi,6.986982912718811,9704807.991575755,80
SAMTEX.CPV002.2006.edi,7.231029204320546,17022734.05379221,80
SAMTEX.CPV003.2006.edi,7.207785113147946,16135611.09183683,80
SAMTEX.CPV004.2006.edi,7.045605470554164,11110726.05799058,84
SAMTEX.CPV005.2006.edi,7.367242904664927,23295719.169545628,84
SAMTEX.CPV006.2006.edi,7.187134722073649,15386830.303982962,80
SAMTEX.CPV007.2006.edi,7.025073007688749,10594340.166813727,86
SAMTEX.CPV008.2006.edi,7.296178064931693,19799691.293798286,86
SAMTEX.CPV009.2006.edi,7.374964633710025,23732229.98468926,80
SAMTEX.CPV010.2006.edi,8.108279488404172,128393063.6345005,80
SAMTEX.CPV011.2006.edi,8.76325184545587,579867427.090727,80
SAMTEX.CPV012.2006.edi,8.86566613114869,734034089.3461726,80
SAMTEX.CPV013.2006.edi,8.786735017899737,611991733.4434881,80
SAMTEX.CPV014.2006.edi,8.252261492307401,178771560.65634918,80
SAMTEX.CPV015.2006.edi,8.246785544915683,176520116.02528036,80
SAMTEX.CPV016.2006.edi,8.62065768574193,417529843.57405555,80
SAMTEX.CPV017.2006.edi,7.325184654560868,21176833.475287504,80
SAMTEX.CPV018.2006.edi,7.5651526321919675,36747522.37094766,80
SAMTEX.CPV019.2006.edi,7.981664777108916,95867892.46590216,80
SAMTEX.CPV020.2006.edi,8.146174786178921,140050449.07185453,80
SAMTEX.CPV021.2006.edi,7.702277225717377,50436060.28460617,80
SAMTEX.CPV022.2006.edi,7.321401904607036,20960667.620684348,80
SAMTEX.CPV023.2006.edi,7.068926170999241,11719964.010209884,80
SAMTEX.CPV024.2006.edi,7.482700486234146,30387998.728785653,80
SAMTEX.CPV025.2006.edi,7.410989891353769,25793954.073997036,80
SAMTEX.CPV026.2006.edi,7.995055051723371,98982310.74094303,80
SAMTEX.CPV027.2006.edi,7.527864580984325,33767442.22293977,80
SAMTEX.CPV028.2006.edi,7.142659065973573,13888986.035461567,80
SAMTEX.CPV029.2006.edi,7.0583741866528715,11438659.881677711,80
SAMTEX.ELG001A.2008.edi,7.864142145399553,73147325.0651383,88
SAMTEX.ELG002A.2008.edi,7.753291717589915,56685157.91411142,100
SAMTEX.ELG003A.2008.edi,7.885218499555398,76774860.7391302,88
SAMTEX.ELG004B.2008.edi,8.339812482946087,220225304.78098977,100
SAMTEX.ELG005A.2008.edi,7.55371905868682,35794406.38796188,84
SAMTEX.ELG007A.2008.edi,8.35398534290455,225948734.6357325,96
SAMTEX.ELG008A.2008.edi,8.54653607128124,352161701.95154655,88
SAMTEX.ELG009A.2008.edi,8.14076617735792,138349551.44045496,88
SAMTEX.ELG010A.2008.edi,8.187861617769952,154126862.6551118,84
SAMTEX.ELG011A.2008.edi,8.456578835734103,286167342.8962945,96
SAMTEX.ELG012B.2008.edi,8.042187003839441,110202228.27290843,88
SAMTEX.ELG013A.2008.edi,7.958163917047925,90817675.15151072,88
SAMTEX.ELG014A.2008.edi,7.662781006932978,46044148.363489196,84
SAMTEX.ELG091A.2008.edi,8.044987711522117,111039510.5303522,80
SAMTEX.ELG092A.2008.edi,7.525640320092114,33546290.383781448,80
SAMTEX.ELG093A.2008.edi,11.818205455948739,657972096521.5803,80
SAMTEX.ELG097A.2008.edi,8.703811853605718,505641547.79412854,80
SAMTEX.ELG913A.2008.edi,8.020067864134287,104729440.90927507,80
SAMTEX.ELG914B.2008.edi,6.756662715923806,5712536.989835766,80
SAMTEX.ELZ001A.2008.edi,7.4724638917837245,29695241.02803038,84
SAMTEX.ELZ002A.2008.edi,6.733630107735181,5415507.141847803,96
SAMTEX.ELZ003A.2008.edi,7.555036354688806,35897395.84519098,84
SAMTEX.ELZ101A.2008.edi,6.744770087321994,5556351.73796563,92
SAMTEX.ELZ102B.2008.edi,7.124058081777132,13306324.273466993,96
SAMTEX.ELZ103A.2008.edi,6.9968632777314905,9928110.38518733,84
SAMTEX.ELZ191A.2008.edi,7.117995200517312,13122433.624071222,76
SAMTEX.ELZ192A.2008.edi,7.340025410877198,21878921.324550822,80
SAMTEX.ELZ201A.2008.edi,6.89519431132625,7855883.429028037,92
SAMTEX.ELZ291A.2008.edi,7.236311639286658,17252695.888378773,76
SAMTEX.ELZ294A.2008.edi,6.9226765949686735,8371680.128455445,80
SAMTEX.ELZ555A.2008.edi,6.852323703165336,7117609.722514775,88
SAMTEX.ETO001A.2008.edi,8.808033019545835,642868964.4354578,84
SAMTEX.ETO002A.2008.edi,8.669726844282724,467720685.60814553,88
SAMTEX.ETO003A.2008.edi,9.17112411645842,1484633984.4858825,84
SAMTEX.ETO004A.2008.edi,8.522425115728549,333027587.92311096,88
SAMTEX.ETO005A.2008.edi,8.744600194565582,555703195.0063853,84
SAMTEX.ETO006A.2008.edi,8.695972054436183,496665636.32776344,88
SAMTEX.ETO007C.2008.edi,8.503065200937884,319036157.89771163,88
SAMTEX.ETO008A.2008.edi,8.085837251843747,121854564.54124206,88
SAMTEX.ETO009A.2008.edi,7.794975437002151,62371046.03330418,88
SAMTEX.ETO010A.2008.edi,8.223967210471528,167507277.96804672,88
SAMTEX.ETO011A.2008.edi,7.658508441544008,45582502.03877443,88
SAMTEX.ETO012A.2008.edi,9.0238612075537,1056479851.4446771,84
SAMTEX.ETO013A.2008.edi,9.501423511736844,3172687230.781258,88
SAMTEX.ETO014A.2008.edi,9.427162116570766,2674662196.596331,84
SAMTEX.ETO015A.2008.edi,9.092149764116687,1236377345.8090625,88
SAMTEX.ETO016A.2008.edi,9.591890659990742,3909223319.319176,84
SAMTEX.ETO017A.2008.edi,9.083913339716634,1213181407.603715,88
SAMTEX.ETO018A.2008.edi,9.527411819363174,3370183942.508228,84
SAMTEX.ETO019A.2008.edi,8.8119759097417,648631449.6807698,88
SAMTEX.ETO020A.2008.edi,7.061613580704419,11524313.873681266,84
SAMTEX.ETO021A.2008.edi,8.29993023938071,199494197.8263167,88
SAMTEX.ETO022A.2008.edi,8.19039799936111,155025404.7213928,84
SAMTEX.ETO023A.2008.edi,7.025698789149236,10611710.201148493,88
SAMTEX.ETO024A.2008.edi,7.220506575578544,16616812.761225598,84
SAMTEX.ETO025A.2008.edi,8.495642017893243,313080863.08965635,84
SAMTEX.ETO026A.2008.edi,7.180425034840818,15150999.412549928,84
SAMTEX.GIB001A.2008.edi,7.4822954528789225,30359779.5863968,84
SAMTEX.GIB002A.2008.edi,7.471959561609894,29646234.141827922,88
SAMTEX.GIB004A.2008.edi,7.2127301944483095,16325184.48178717,84
SAMTEX.GIB005B.2008.edi,7.299518503952962,19941567.854118317,88
SAMTEX.GIB006A.2008.edi,7.333636069739513,21587673.58005244,84
SAMTEX.GIB007A.2008.edi,7.400476940686623,25146465.26227603,88
SAMTEX.GIB008A.2008.edi,7.572840805418986,37399225.658043295,84
SAMTEX.GIB009A.true.2008.edi,7.49427422226236,31208705.717826866,88
SAMTEX.GIB010A.2008.edi,7.438021631138007,27417477.551629417,84
SAMTEX.GIB011A.2008.edi,7.882605467363643,76318992.62325472,88
SAMTEX.GIB012A.2008.edi,8.088447318605578,122588088.42247784,84
SAMTEX.GIB013A.2008.edi,7.7918882112162136,61928861.7923568,88
SAMTEX.GIB014A.2008.edi,8.164585241391261,146078144.17914873,88
SAMTEX.GIB015A.true.2008.edi,8.303819703756954,201288860.9880204,88
SAMTEX.GIB016A.2008.edi,9.102474444214199,1266621439.2412214,88
SAMTEX.GIB017A.2008.edi,8.77040960720573,589400142.8903296,84
SAMTEX.GIB018a.true.2008.edi,7.8911554639158465,77831512.11432251,84
SAMTEX.KXT001A_auto.tru.2008.edi,8.424069556956592,265520062.02283835,84
SAMTEX.KXT002A_auto.tru.2008.edi,8.712228257569238,515723178.8030528,88
SAMTEX.KXT003A_auto.tru.2008.edi,8.109847872215536,128779840.04878372,84
SAMTEX.KXT004A_auto.tru.2008.edi,7.635005196456314,43153991.12263665,92
SAMTEX.KXT005A_auto.tru.2008.edi,7.66657718422048,46420008.252746895,84
SAMTEX.KXT006A_auto.tru.2008.edi,7.320073916412989,20897769.113645606,88
SAMTEX.KXT007A_auto.tru.2008.edi,7.206430396624592,16086434.112270541,84
SAMTEX.KXT008A_auto.tru.2008.edi,7.972355976602236,93833156.8966127,88
SAMTEX.KXT009A_auto.tru.2008.edi,7.384609612220327,24244345.971226707,84
SAMTEX.KXT010A_auto.tru.2008.edi,8.489341827965722,308569128.0611665,88
SAMTEX.LIM001A.2008.edi,8.074020451443792,118707277.45506845,84
SAMTEX.LIM002A.2008.edi,8.587808988105357,387101150.3693379,84
SAMTEX.LIM003A.2008.edi,9.39975123569636,2510582309.204067,88
SAMTEX.LIM004A.2008.edi,8.33764631056814,217594934.93442374,88
SAMTEX.LIM006A.2008.edi,9.100718458210864,1261018221.9790528,84
SAMTEX.LIM007A.2008.edi,9.461805806559875,2896125532.667674,88
SAMTEX.LIM008A.2008.edi,9.141536405823732,1385276319.4821997,88
SAMTEX.LOW001A_auto.tru.2008.edi,8.759654733824146,577850169.8787153,84
SAMTEX.LOW002A_auto.tru.2008.edi,9.651508423115022,4487803446.075455,84
SAMTEX.LOW003B_auto.tru.2008.edi,7.843056873980711,69686886.2318843,88
SAMTEX.LOW004B_auto.tru.2008.edi,7.715962021261832,51996131.11905728,84
SAMTEX.LOW005A_auto.tru.2008.edi,9.100640287732432,1260783039.0109744,84
SAMTEX.LOW006B_auto.tru.2008.edi,9.297492407350887,1988806385.3829784,84
SAMTEX.LOW007A_auto.tru.2008.edi,9.151669056655656,1418016474.1964657,88
SAMTEX.LOW008A_auto.tru.2008.edi,9.781438582999106,6048191868.300571,84
SAMTEX.LOW009A_auto.tru.2008.edi,9.599351756066195,3975230867.003604,88
SAMTEX.LOW010A_auto.tru.2008.edi,9.926343575727241,8440023559.03248,84
SAMTEX.LOW011A_auto.tru.2008.edi,9.844649506209539,6992792868.819452,88
SAMTEX.LOW012A_auto.tru.2008.edi,10.346628962658258,22287705553.507065,84
SAMTEX.NEN001.2006.edi,8.693215726802045,493419998.86966425,84
SAMTEX.NEN002.2006.edi,8.774195691665469,594564409.2851739,84
SAMTEX.NEN003.2006.edi,8.487308184050356,307141557.11530083,84
SAMTEX.NEN004.2006.edi,8.651414641001642,448255225.2430347,88
SAMTEX.NEN005.2006.edi,9.276611628074617,1890718726.3421884,80
SAMTEX.NEN006.2006.edi,8.55055297873032,355794900.8981522,80
SAMTEX.NEN007.2006.edi,6.7490857991253925,5611709.396776438,84
SAMTEX.NEN008.2006.edi,6.686249060973238,4855847.171024656,84
SAMTEX.NEN009.2006.edi,7.942015517256508,87659229.64827254,80
SAMTEX.NEN010.2006.edi,7.996269363326524,99183953.64432037,84
SAMTEX.NEN011.2006.edi,8.490994284754645,309745155.03108,80
SAMTEX.NEN012.2006.edi,9.407368605809259,2554916142.9472213,80
SAMTEX.NEN013.2006.edi,7.894039475948567,78361654.1916085,84
SAMTEX.NEN014.2006.edi,7.271111609820277,18674438.259837255,84
SAMTEX.NEN015.2006.edi,7.091120865157336,12334575.442283269,84
SAMTEX.NEN016.2006.edi,6.931625871411722,8543417.40604619,84
SAMTEX.NEN017.2006.edi,7.108819075252414,12847881.69605584,88
SAMTEX.NEN018.2006.edi,7.229236495464717,16954485.94129601,76
SAMTEX.NEN019.2006.edi,7.2715562001261045,18687720.96297834,72
SAMTEX.NEN020.2006.edi,6.977724669959901,9500132.406828806,80
SAMTEX.NEN021.2006.edi,6.821788186365634,6634405.000031073,80
SAMTEX.NEN022.2006.edi,7.164291106270318,14598655.555222375,84
SAMTEX.NEN023.2006.edi,6.983676483749678,9631275.751541732,84
SAMTEX.NEN117.2006.edi,6.896644794501874,7882244.256212059,80
SAMTEX.NEN118.2006.edi,6.911664205689439,8160705.694275752,80
SAMTEX.NEN119.2006.edi,6.816920212450542,6560247.920507375,80
SAMTEX.RAK001A.2008.edi,6.985375606474149,9669230.238707418,84
SAMTEX.RAK002A.2008.edi,7.3855123650005705,24317264.470713183,84
SAMTEX.RAK003A.2008.edi,7.618567887851125,41552343.773064494,88
SAMTEX.RAK004A.2008.edi,6.300415211640251,1998919.9845825722,84
SAMTEX.RAK005A.2008.edi,6.847371942017057,7041205.843278125,88
SAMTEX.RAK006A.2008.edi,6.5000136778214,3162594.7552614408,84
SAMTEX.RAK007A.2008.edi,6.334844129871889,2162144.727557749,88
SAMTEX.RAK008A.2008.edi,6.294878066973708,1972973.5497755455,84
SAMTEX.RAK009A.2008.edi,6.50181607775443,3175545.4397469386,88
SAMTEX.RAK010A.2008.edi,6.942224718081468,8755192.118053284,88
SAMTEX.RAK011A.2008.edi,6.832708372199129,6803246.287835926,84
SAMTEX.RAK012A.2008.edi,6.917706373921906,8274628.191241011,88
SAMTEX.RAK013A.2008.edi,6.919272272274258,8306631.249792561,84
SAMTEX.RAK014A.2008.edi,6.846521065947498,7027760.052649299,88
SAMTEX.RAK015A.2008.edi,7.086560900483462,12205649.707458936,84
SAMTEX.RAK016A.2008.edi,7.130788677442226,13514158.3635921,88
SAMTEX.RAK017A.2008.edi,6.9784045334745635,9514924.426143892,84
SAMTEX.RAK018A.2008.edi,7.009982707890225,10232593.03470767,88
SAMTEX.RAK019A.2008.edi,7.173062182255675,14897264.526826076,84
SAMTEX.RAK020A.2008.edi,7.069162048011692,11726852.712482195,84
SAMTEX.RAK021A.2008.edi,6.950222253602622,8917078.6310287,84
SAMTEX.RAK022A.2008.edi,6.9991119018366295,9986374.122017477,84
SAMTEX.RAK023A.2008.edi,6.973476183241976,9416134.223253306,84
SAMTEX.RAK024A.2008.edi,6.94489751275859,8808448.644927055,80
SAMTEX.RAK025A.2008.edi,7.119610970277968,13179191.238063753,84
SAMTEX.RAK053A.2008.edi,7.076285362806209,11920370.773108542,88
SAMTEX.RAK054A.2008.edi,6.701491936804429,5030387.338914903,88
SAMTEX.RAK099A.2008.edi,6.508369015183513,3224840.4794978825,84
SAMTEX.bot201.2005.edi,9.462566503790907,2901125415.86525,47
SAMTEX.bot202.2005.edi,9.41492802209984,2599728660.8050413,47
SAMTEX.bot203.2005.edi,5.2852350904133365,192856.85951076628,47
SAMTEX.bot204.2005.edi,7.769095032764988,58761792.16201384,47
SAMTEX.bot205.2005.edi,10.616527770722898,41354975771.500984,47
SAMTEX.bot207.2005.edi,10.171445899141933,14840409988.473284,47
SAMTEX.bot208.2005.edi,9.59454929044464,3931418621.8532333,47
SAMTEX.bot209.2005.edi,6.702066110111717,5035772.595779008,47
SAMTEX.bot210.2005.edi,6.908989844236087,8109420.9414812215,47
SAMTEX.bot211.2005.edi,8.399431407494479,250904089.1921487,62
SAMTEX.bot212.2005.edi,9.349903377130422,2238223117.965672,47
SAMTEX.bot214.2005.edi,8.798629035551453,629462175.8832649,84
SAMTEX.bot215.2005.edi,9.298961203883811,1990495517.3755252,71
SAMTEX.bot216.2005.edi,9.595880622273008,3945596192.136613,84
SAMTEX.bot217.2005.edi,7.716032328636557,52003470.61832832,49
SAMTEX.bot218.2005.edi,9.288247368351868,1942167234.735352,52
SAMTEX.bot219.2005.edi,7.616750077945117,41376316.50315124,84
SAMTEX.bot220.2005.edi,8.764911315977788,582195057.352922,80
SAMTEX.bot221.2005.edi,7.717145451262617,52137071.29735329,52
SAMTEX.bot222.2005.edi,7.4325943155581475,27076615.158205613,80
SAMTEX.bot223.2005.edi,6.872799472499824,7461921.121638479,80
SAMTEX.bot224.2005.edi,8.197660076034381,157655690.84575394,72
SAMTEX.bot225.2005.edi,7.125672927730989,13361709.819361743,80
SAMTEX.bot226.2005.edi,8.464866028640522,291712626.0911983,80
SAMTEX.bot227.2005.edi,8.410411690770623,257284232.87509415,72
SAMTEX.bot228.2005.edi,8.307858777699536,203180750.5686521,80
SAMTEX.bot229.2005.edi,8.395214496440733,248534181.94210768,80
SAMTEX.bot230.2005.edi,7.95715614515741,90755930.33874974,72
SAMTEX.bot231.2005.edi,7.477487832288309,30083984.047970325,80
SAMTEX.bot401.2005.edi,9.267755088162724,1852486655.3581119,77
SAMTEX.bot402.2005.edi,7.678803865113953,47731366.188391134,47
SAMTEX.bot403.2005.edi,8.791007889400646,618032030.5511816,88
SAMTEX.bot404.2005.edi,9.229960321030564,1698238176.552721,72
SAMTEX.bot405.2005.edi,8.497853608568498,315051432.0884137,88
SAMTEX.bot406.2005.edi,9.021659695660556,1053376366.9259257,88
SAMTEX.bot407.2005.edi,8.913647921481715,819751830.595896,82
SAMTEX.bot408.2005.edi,8.127286472282014,134056066.55962922,49
SAMTEX.bot409.2005.edi,7.85836720679539,72171745.13441402,49
SAMTEX.bot410.2005.edi,7.9580089948019825,90879777.0727123,72
SAMTEX.bot411.2005.edi,7.966753446558571,92630380.18898936,47
SAMTEX.bot412.2005.edi,7.70514442097887,50715933.18081168,47
SAMTEX.bot413.2005.edi,7.9950971141495195,98878207.00769666,72
SAMTEX.bot414.2005.edi,8.032383238164684,107741554.72059697,49
SAMTEX.bot415.2005.edi,8.475241635303579,298710513.3657847,84
SAMTEX.bot416.2005.edi,9.485401129175957,3057744045.8868065,81
SAMTEX.bot417.2005.edi,8.068974302729085,117212600.86210266,49
SAMTEX.bot418.2005.edi,8.074085497443868,118600220.76767293,49
SAMTEX.bot419.2005.edi,8.001504174419043,100346949.44051684,71
SAMTEX.bot420.2005.edi,7.711956465626944,51542815.186205566,84
SAMTEX.bota13.2005.edi,8.681691401452506,480497797.67390066,47
SAMTEX.botb13.2005.edi,9.451272386788435,2826652277.735247,47
SAMTEX.dmb001.2006.edi,6.51526744860319,3275423.4094498297,49
SAMTEX.dmb002.2006.edi,6.877358465594238,7540451.190077441,88
SAMTEX.dmb003.2006.edi,7.013044511768878,10304917.323275715,49
SAMTEX.dmb004.2006.edi,6.6465441108092875,4431432.239703141,88
SAMTEX.dmb005.2006.edi,7.496918740672429,31399653.515298415,84
SAMTEX.dmb006.2006.edi,7.974208960829875,94241423.82833584,88
SAMTEX.dmb007.2006.edi,8.822777457717429,664970643.147926,84
SAMTEX.dmb008.2006.edi,8.03706088078131,108908275.37161218,49
SAMTEX.dmb009.2006.edi,8.263374656576511,183419983.7558155,84
SAMTEX.dmb010.2006.edi,7.448659950577479,28096999.942197483,49
SAMTEX.dmb011.2006.edi,6.884575289246807,7666114.283220483,49
SAMTEX.dmb012.2006.edi,6.829220154525348,6750129.890093963,88
SAMTEX.dmb013.2006.edi,6.965860801876055,9246880.87584703,84
SAMTEX.dmb014.2006.edi,7.402463415775479,25301997.56822634,86
SAMTEX.dmb015.2006.edi,7.210218459808948,16252920.060422145,84
SAMTEX.dmb016.2006.edi,7.992064842071002,98194384.53753935,88
SAMTEX.dmb017.2006.edi,8.559449929454624,362618476.93726957,49
SAMTEX.dmb018.2006.edi,8.32128506515803,209614819.16124934,88
SAMTEX.dmb019.2006.edi,8.025446015230722,106034212.48558384,49
SAMTEX.dmb020.2006.edi,7.77759745381441,59934748.812274575,88
SAMTEX.dmb021.2006.edi,8.560986209258985,363903480.42354906,49
SAMTEX.dmb022.2006.edi,8.963143706408754,918667667.1065683,88
SAMTEX.dmb023.2006.edi,9.035089615210287,1084150601.7836618,49
SAMTEX.dmb024.2006.edi,8.41415532021894,259668673.98558506,88
SAMTEX.dmb025.2006.edi,8.043984015789183,110658305.54326688,49
SAMTEX.dmb026.2006.edi,7.7279739024944085,53453244.94697237,88
SAMTEX.dmb027.2006.edi,7.621577048595081,41838590.83075935,49
SAMTEX.dmb028.2006.edi,7.323709277147992,21072579.48052357,88
SAMTEX.dmb029.2006.edi,7.536309444348264,34381156.42408933,84
SAMTEX.dmb030.2006.edi,7.537761948462935,34503715.550852895,88
SAMTEX.dmb031.2006.edi,7.6581086014759014,45511344.52653469,84
SAMTEX.dmb032.2006.edi,7.652755826946001,44952704.658466116,49
SAMTEX.dmb033.2006.edi,7.663764816731165,46116044.82382772,84
SAMTEX.dmb034.2006.edi,7.4603960986222795,28866630.862035558,49
SAMTEX.dmb035.2006.edi,7.471623660583081,29622633.172607742,49
SAMTEX.dmb101A.2006.edi,7.043400290874386,11061069.480966989,84
SAMTEX.dmb102A.2006.edi,6.8338378303707215,6823749.82118444,88
SAMTEX.k2g002.2006.edi,8.702030060968422,503555553.3246385,84
SAMTEX.k2g003.2006.edi,9.04368070095482,1105897192.0354934,84
SAMTEX.k2g004.2006.edi,8.923483945350547,838463082.4193593,87
SAMTEX.k2g005.2006.edi,9.30660043268675,2025831717.5309355,88
SAMTEX.k2g006.2006.edi,9.098144642044542,1253585025.9967835,84
SAMTEX.k2g007.2006.edi,8.56910411184754,370786622.3891665,84
SAMTEX.k2g008.2006.edi,7.315383767238225,20725182.3926913,62
SAMTEX.k2g009.2006.edi,7.5314570424729945,33998287.52918603,79
SAMTEX.k2g010.2006.edi,7.354945401369306,22648996.99587097,84
SAMTEX.k2g011.2006.edi,7.513498803331959,32664517.229433395,84
SAMTEX.k2g012.2006.edi,7.595436091402265,39460237.55674647,82
SAMTEX.k2g013.2006.edi,7.761562831256303,57751441.81727524,83
SAMTEX.k2g014.2006.edi,7.5134655650392626,32690302.781797443,82
SAMTEX.kal001.2008.edi,8.9912236796089,980017184.1839945,84
SAMTEX.kal002.2008.edi,8.496005084900752,313339961.3783841,84
SAMTEX.kal003.2008.edi,8.819451683692531,659868548.9340076,84
SAMTEX.kal004.2008.edi,8.546987757160213,352376472.0085981,84
SAMTEX.kal005.2008.edi,7.912869136769549,81825901.41684318,88
SAMTEX.kal006.2008.edi,7.476944248171465,29994987.734591305,84
SAMTEX.kal007.2008.edi,7.624468129554337,42119928.35115114,88
SAMTEX.kal008.2008.edi,7.837231478666811,68769782.3023047,84
SAMTEX.kal009.2008.edi,7.537381887875348,34556895.52764011,84
SAMTEX.kal010.2008.edi,7.720754686476498,52664350.80190587,84
SAMTEX.kal011.2008.edi,7.4480349143814095,28133251.538819205,84
SAMTEX.kal012.2008.edi,7.237690508092396,17339415.283198886,84
SAMTEX.kal013.2008.edi,7.360400664781993,22997539.62443396,88
SAMTEX.kal014.2008.edi,7.317044825527879,20814236.51469826,84
SAMTEX.kal015.2008.edi,7.1121643937205405,12985987.061587412,88
SAMTEX.kal016.2008.edi,7.2724788768358035,18779087.146713234,88
SAMTEX.kal017.2008.edi,7.4830656594009515,30416828.986554865,84
SAMTEX.kal018.2008.edi,7.585993465573916,38626648.830146044,80
SAMTEX.kal019.2008.edi,7.394684511423282,24851266.90448461,86
SAMTEX.kal020.2008.edi,7.375812051921821,23830871.273710027,84
SAMTEX.kal021.2008.edi,7.610325590877223,40856224.09819955,84
SAMTEX.kal022.2008.edi,8.43495153427471,272247688.263294,84
SAMTEX.kal023.2008.edi,8.381844430696317,240909437.2764778,88
SAMTEX.kal024.2008.edi,8.287670518510673,193943738.27206677,84
SAMTEX.kap001.2003.edi,6.80166656752973,6333832.403495554,59
SAMTEX.kap002.2003.edi,6.609402795312757,4078902.1764001297,60
SAMTEX.kap003.2003.edi,6.97938478299784,9547358.601459585,82
SAMTEX.kap004.2003.edi,6.991054175084228,9796147.726593748,84
SAMTEX.kap005.2003.edi,6.906964849879255,8071927.614311,84
SAMTEX.kap006.2003.edi,6.523124404906804,3335219.3884619614,104
SAMTEX.kap007.2003.edi,6.555784220779978,3595760.1953018853,84
SAMTEX.kap008.2003.edi,7.688353851556672,48794795.014471486,88
SAMTEX.kap009.2003.edi,6.680758238922479,4794671.817145547,104
SAMTEX.kap010.2003.edi,7.269671438771932,18606862.82943432,84
SAMTEX.kap011.2003.edi,7.621780632816236,41858522.45851055,84
SAMTEX.kap012.2003.edi,7.321360079467893,20959491.996986877,104
SAMTEX.kap013.2003.edi,7.2914174844633735,19562190.528722726,45
SAMTEX.kap014.2003.edi,6.504069036829744,3192045.232417542,45
SAMTEX.kap015.2003.edi,6.066680781760187,1166244.9047551255,108
SAMTEX.kap016.2003.edi,7.073867516715634,11855218.553602867,88
SAMTEX.kap017.2003.edi,8.825706273621783,670094480.145118,88
SAMTEX.kap018.2003.edi,8.670265964137302,468168253.94820434,104
SAMTEX.kap019.2003.edi,8.028030198532115,106667646.29813737,88
SAMTEX.kap020.2003.edi,7.221013261242354,16634640.302078495,84
SAMTEX.kap021.2003.edi,7.75813751134414,57299547.7481873,104
SAMTEX.kap022.2003.edi,7.6261242675614875,42296108.985746086,88
SAMTEX.kap023.2003.edi,7.520067398729878,33118899.098713346,108
SAMTEX.kap024.2003.edi,7.283443786868297,19206415.061872665,84
SAMTEX.kap025.2003.edi,6.464879822404233,2920844.739061187,20
SAMTEX.kap026.2003.edi,7.346100113035546,22187078.146807496,55
SAMTEX.kap027.2003.edi,6.791707670853352,6223687.883676911,68
SAMTEX.kap028.2003.edi,7.46161983631639,28948084.80973509,55
SAMTEX.kap029.2003.edi,6.801554933630145,6332204.65489644,64
SAMTEX.kap030.2003.edi,7.611359721604792,40940581.40393819,54
SAMTEX.kap031.2003.edi,7.122165667976734,13248468.209948793,55
SAMTEX.kap032.2003.edi,8.550659533657576,361206232.05777264,80
SAMTEX.kap033.2003.edi,7.419688900077518,26283880.209492788,58
SAMTEX.kap034.2003.edi,8.532916958312656,341169791.14050627,48
SAMTEX.kap035.2003.edi,9.11743803712766,1310503053.2841818,55
SAMTEX.kap036.2003.edi,9.845963648089686,7016518995.419562,54
SAMTEX.kap037.2003.edi,9.735208020025157,5435106019.331225,55
SAMTEX.kap038.2003.edi,9.330083329560734,2138372346.9242105,45
SAMTEX.kap039.2003.edi,9.398265389865912,2502490410.5152187,52
SAMTEX.kap040.2003.edi,8.498320603077794,315508360.6606538,80
SAMTEX.kap041.2003.edi,9.817952227703154,6575854991.176,45
SAMTEX.kap042.2003.edi,8.842563988262937,696003780.7898617,104
SAMTEX.kap043.2003.edi,9.62133512287684,4181904220.6059465,84
SAMTEX.kap044.2003.edi,9.222127462485497,1667751098.531055,80
SAMTEX.kap045.2003.edi,9.466915934024847,2931095696.050635,104
SAMTEX.kap046.2003.edi,9.125109069686268,1333948231.8552666,88
SAMTEX.kap047.2003.edi,7.651237045036277,44837188.0114335,88
SAMTEX.kap048.2003.edi,7.020619847449063,10486505.008034447,104
SAMTEX.kap049.2003.edi,5.847865046754354,704485.6381861197,84
SAMTEX.kap050.2003.edi,6.805574285731543,6391873.200310521,84
SAMTEX.kap051.2003.edi,3.6095215824609905,4069.3247349302783,64
SAMTEX.kap052.2003.edi,6.824772979090893,6680705.290685225,82
SAMTEX.kap053.2003.edi,8.183591488824085,152612985.6686942,45
SAMTEX.kap055.2003.edi,6.381424540278429,2413601.9827785217,104
SAMTEX.kap056.2003.edi,6.183480982060207,1525741.5804728458,45
SAMTEX.kap057.2003.edi,7.532674406085574,34093725.7190865,74
SAMTEX.kap058.2003.edi,8.655232444396276,452253460.734987,84
SAMTEX.kap059.2003.edi,8.937484570184026,866178392.6251698,84
SAMTEX.kap060.2003.edi,8.362234194045083,230278695.5578332,104
SAMTEX.kap061.2003.edi,7.988136401484061,97305280.06373033,76
SAMTEX.kap062.2003.edi,8.705937346969401,508086138.7678043,45
SAMTEX.kap063.2003.edi,8.530106479532046,338936363.5197657,104
SAMTEX.kap064.2003.edi,7.567104001682559,36919527.442865364,84
SAMTEX.kap065.2003.edi,8.11523139513049,130388917.5539829,84
SAMTEX.kap066.2003.edi,7.426464698302093,26709222.516471136,84
SAMTEX.kap067.2003.edi,8.610497004743799,408163203.6824658,48
SAMTEX.kap068.2003.edi,8.610498909640967,408164977.64611983,48
SAMTEX.kap069.2003.edi,8.452068969319903,283330696.41808546,104
SAMTEX.kap070.2003.edi,7.466565253852603,29279607.718877215,55
SAMTEX.kap071.2003.edi,8.63301774661817,429659297.19728,84
SAMTEX.kap072.2003.edi,8.260033705717891,182216223.69917828,104
SAMTEX.kap073.2003.edi,8.63166777478614,429024097.86280185,84
SAMTEX.kap074.2003.edi,7.769975288390842,58994849.97260517,84
SAMTEX.kap075.2003.edi,8.741840311081464,552056260.795821,104
SAMTEX.kim001.2003-2006.edi,7.351960113887914,22488480.59520768,65
SAMTEX.kim002.2003-2006.edi,7.547919380627679,35319893.44445472,54
SAMTEX.kim003.2003-2006.edi,7.582909341445337,38277058.77301934,40
SAMTEX.kim004_H.2003-2006.edi,7.822881250513302,66542049.5171414,40
SAMTEX.kim004_L.2003-2006.edi,7.11477832993364,13033370.180921854,20
SAMTEX.kim005.2003-2006.edi,8.752039120292912,565100144.5515908,80
SAMTEX.kim006.2003-2006.edi,8.584020430883722,383726940.1689687,80
SAMTEX.kim007.2003-2006.edi,9.202913073032036,1595559753.2337093,55
SAMTEX.kim009_H.2003-2006.edi,7.694863433065864,49530199.409044966,36
SAMTEX.kim009_L.2003-2006.edi,8.901157473534584,813381327.455123,20
SAMTEX.kim010.2003-2006.edi,10.200836630593406,15879493736.106396,80
SAMTEX.kim011.2003-2006.edi,7.320270463040547,20905976.748505972,37
SAMTEX.kim012.2003-2006.edi,8.29600621881733,197699794.92467842,33
SAMTEX.kim013.2003-2006.edi,8.484084628697715,304860921.36396396,80
SAMTEX.kim014.2003-2006.edi,8.011496474011635,102859282.99033931,80
SAMTEX.kim015.2003-2006.edi,8.487939591450681,308416722.917752,52
SAMTEX.kim016.2003-2006.edi,8.02255182036286,105331612.0902224,48
SAMTEX.kim017.2003-2006.edi,8.714520259304695,518260867.48231876,48
SAMTEX.kim018_H.2003-2006.edi,6.415780552238109,2610381.881938923,80
SAMTEX.kim018_L.2003-2006.edi,8.084260423694053,121501658.23304585,20
SAMTEX.kim019.2003-2006.edi,6.7863240851860365,6114104.431346886,80
SAMTEX.kim020.2003-2006.edi,7.8831179503037765,76467076.917584,80
SAMTEX.kim021.2003-2006.edi,7.227684739511804,16892142.62017124,73
SAMTEX.kim201.2003-2006.edi,6.142380384827305,1388178.0139416698,76
SAMTEX.kim213.2003-2006.edi,7.592294757770665,39523609.29248646,48
SAMTEX.kim214.2003-2006.edi,9.337326322289403,2185257998.869365,48
SAMTEX.kim215.2003-2006.edi,8.61899346969382,415904356.6655172,67
SAMTEX.kim314.2003-2006.edi,7.38101098638772,24062374.77288312,64
SAMTEX.kim401.2004.edi,7.75462298051897,56835931.284859136,47
SAMTEX.kim402.2004.edi,7.393626310215965,24752912.70417612,47
SAMTEX.kim403.2004.edi,8.446719339153193,279717307.4950129,47
SAMTEX.kim404.2004.edi,8.248445570037118,177192595.6409449,47
SAMTEX.kim405.2004.edi,8.943403181206806,877824984.5691351,80
SAMTEX.kim406.2004.edi,8.967100905824603,927045191.9761071,77
SAMTEX.kim407.2004.edi,8.904937197474581,803531869.0225158,80
SAMTEX.kim408.2004.edi,7.707986837775719,51091013.99195333,72
SAMTEX.kim409.2004.edi,7.984525269926941,96499545.95494412,47
SAMTEX.kim410.2004.edi,8.251991088878974,178793106.30865332,80
SAMTEX.kim411.2004.edi,7.412078438223231,25891670.65939919,80
SAMTEX.kim412.2004.edi,7.212050109766189,16317123.700437246,80
SAMTEX.kim413.2004.edi,6.9071921067765985,8090493.959142737,80
SAMTEX.kim418.2004.edi,7.0740191816740685,11874137.605853036,80
SAMTEX.kim419.2004.edi,6.961490234759011,9154284.327698916,80
SAMTEX.kim420.2004.edi,7.326449196874933,21250348.731521536,80
SAMTEX.kim421.2004.edi,7.578649833957133,37959856.76617296,80
SAMTEX.kim422.2004.edi,7.549242833155413,35422814.62285475,80
SAMTEX.kim423.2004.edi,7.392703184262152,24700987.519042887,80
SAMTEX.kim424.2004.edi,6.158327513197316,1441345.8344373147,80
SAMTEX.kim425.2004.edi,7.381849360932408,24118428.680656627,80
SAMTEX.kim426.2004.edi,7.331184526158895,21459905.623611443,80
SAMTEX.kim427.2004.edi,6.143508094930013,1393701.5924350172,80
SAMTEX.kim428.2004.edi,7.3913155950741025,24651972.787201673,80
SAMTEX.kim429.2004.edi,7.530231918297218,33953740.48073275,80
SAMTEX.kim430.2004.edi,6.35011828739966,2240060.786241912,80
SAMTEX.kim431.2004.edi,7.6524126074505485,44917318.33373771,84
SAMTEX.kim432.2004.edi,7.501864192710261,31759758.74670446,80
SAMTEX.kim433.2004.edi,8.19055621656018,155171911.67650732,80
SAMTEX.kim434.2004.edi,6.267106517242086,1849723.123324505,80
SAMTEX.kim435.2004.edi,8.42209538357347,264418310.43798876,80
SAMTEX.kim436.2004.edi,8.380801823072472,240492334.8166928,80
SAMTEX.kim437.2004.edi,8.208340524775046,161562485.11992005,47
SAMTEX.kim438.2004.edi,8.96832960113325,930527806.6786326,80
SAMTEX.kim439.2004.edi,7.7253629152131715,53141749.61753469,80
SAMTEX.kim440.2004.edi,7.60223364199975,40015998.752714165,80
SAMTEX.kim441.2004.edi,9.214404227887155,1638345555.2082283,80
SAMTEX.kim442.2004.edi,8.206854669433746,161012464.69888848,80
SAMTEX.kim443.2004.edi,7.087559882536112,12233757.921454968,47
SAMTEX.kim444.2004.edi,8.567936249998834,370005564.5582213,80
SAMTEX.kim445.2004.edi,7.8895399415187635,77548321.03963047,80
SAMTEX.kim446.2004.edi,8.134877161635256,137136958.2790423,80
SAMTEX.kim447.2004.edi,9.067704675238875,1168704961.3944325,80
SAMTEX.kof001.2004.edi,10.236171289374614,17254826381.584732,80
SAMTEX.kof002.2004.edi,8.615371866978908,428331860.2672255,80
SAMTEX.kof003.2004.edi,8.953275428443735,905497196.9363098,80
SAMTEX.kof004.2004.edi,1.7486657156185912,56.06162933338119,67
SAMTEX.kof005.2004.edi,7.505486748400628,32024823.760010686,47
SAMTEX.kof006.2004.edi,7.718242337401628,52268776.87160826,47
SAMTEX.kof007.2004.edi,7.311547425392238,20490257.93408896,67
SAMTEX.kof008.2004.edi,7.852500237439442,71203318.92851,47
SAMTEX.kof009.2004.edi,8.310300045528981,204314902.8709361,47
SAMTEX.mak001.2006.edi,6.391697652108464,2468281.649465816,82
SAMTEX.mak002.2006.edi,6.42512979023472,2672458.3618525895,84
SAMTEX.mak003.2006.edi,6.370621603206431,2355610.578452508,88
SAMTEX.mak004.2006.edi,7.012454240393652,10291168.09133938,84
SAMTEX.mak005.2006.edi,6.787514163396662,6130757.857125063,47
SAMTEX.mak006.2006.edi,6.641841349885981,4383705.294054517,47
SAMTEX.mak007.2006.edi,6.707851208672066,5103306.594500976,88
SAMTEX.mak008.2006.edi,6.4687592737986375,2959793.4838650697,84
SAMTEX.mak009.2006.edi,6.959894521130116,9145424.3181482,84
SAMTEX.mak010.2006.edi,7.114269049511394,13059588.582106223,88
SAMTEX.mof101.2005.edi,8.06541196223592,116376428.14463684,88
SAMTEX.mof102.2005.edi,7.837263128414754,68817604.36210531,88
SAMTEX.mof103.2005.edi,7.4289180684988,26913749.402581327,84
SAMTEX.mof104.2005.edi,6.810026405246303,6473439.380910355,88
SAMTEX.mof105.2005.edi,6.905131329517451,8061339.070215007,88
SAMTEX.mof106.2005.edi,6.845376857859833,7024517.93335029,88
SAMTEX.mof107.2005.edi,6.409689446685621,2568558.412900718,47
SAMTEX.mof108.2005.edi,6.828795548064856,6742105.562357152,47
SAMTEX.mof109.2005.edi,7.2939058239533106,19674596.030546676,47
SAMTEX.mof110.2005.edi,7.292819967506119,19625465.538706336,47
SAMTEX.mof111.2005.edi,7.469613393961336,29485832.489688076,47
SAMTEX.mof112.2005.edi,6.788385104956866,6143064.919754004,47
SAMTEX.mof113.2005.edi,6.8491776801303255,7066065.845777463,47
SAMTEX.mof114.2005.edi,6.512757520473787,3256548.274580984,47
SAMTEX.mof115.2005.edi,6.805783240847519,6394156.194042778,47
SAMTEX.mof116.2005.edi,8.542624299200522,348839207.1421015,88
SAMTEX.mof117.2005.edi,8.211151473767622,162764463.910289,84
SAMTEX.mof118.2005.edi,8.094804422354944,124400955.10110702,88
SAMTEX.mof119.2005.edi,8.28151433239616,191238490.98485488,88
SAMTEX.mof120.2005.edi,7.96865262036412,93041870.3734453,88
SAMTEX.mof121.2005.edi,7.3029556080746785,20089502.09708476,88
SAMTEX.mof122.2005.edi,8.093280009823744,123966565.97347614,88
SAMTEX.mof123.2005.edi,9.138324542963353,1375455982.3891041,88
SAMTEX.mof124.2005.edi,8.425225120520853,266210462.85188183,55
SAMTEX.mof125.2005.edi,9.043199368176449,1104697603.9267945,88
SAMTEX.mof126.2005.edi,9.225610875012865,1681816452.004879,88
SAMTEX.mof127.2005.edi,9.084224278995046,1214127825.2503133,88
SAMTEX.mol101.2005.edi,8.765070356643468,582214398.5612361,56
SAMTEX.mol102.2005.edi,8.488020562960916,307627772.0637429,84
SAMTEX.mol103.2005.edi,8.281101014180638,191029832.7483493,84
SAMTEX.mol104.2005.edi,8.109114620071864,128685786.51333202,84
SAMTEX.mol105.2005.edi,7.473400821102811,29744099.217149884,47
SAMTEX.mol106.2005.edi,7.720692747528804,52564525.39564844,47
SAMTEX.mol107.2005.edi,6.237360995545008,1727273.0444554612,47
SAMTEX.mol108.2005.edi,7.853099773824034,71301681.8169704,47
SAMTEX.oka002.2006.edi,6.6422559765536615,4389336.024885103,82
SAMTEX.oka003.2006.edi,6.898879019891503,7923553.074974986,82
SAMTEX.oka004.2006.edi,7.179372025446501,15113742.736046135,47
SAMTEX.oka005.2006.edi,7.778626264870018,60076214.07869634,84
SAMTEX.oka006.2006.edi,8.126174753598043,133762895.16133207,84
SAMTEX.oka007.2006.edi,8.569145378791127,370826530.8711741,84
SAMTEX.oka008.2006.edi,8.822776427820848,664969345.4877039,84
SAMTEX.oka009.2006.edi,8.242518752524063,174790873.42335793,47
SAMTEX.oka010.2006.edi,8.79564133005282,624656595.7515475,47
SAMTEX.oka011.2006.edi,8.66215056523757,459357239.46092296,81
SAMTEX.oka012.2006.edi,8.47017087375459,295250041.853107,86
SAMTEX.oka013.2006.edi,7.082857537364788,12102025.641744604,84
SAMTEX.oka014.2006.edi,7.904980446663291,80356310.70213795,84
SAMTEX.oka015.2006.edi,7.844457744463321,69896872.59150505,87
SAMTEX.rtz201.2005.edi,8.559273945156512,362471566.8727865,33
SAMTEX.rtz202.2005.edi,8.554295739281663,358597757.5790649,28
SAMTEX.rtz203.2005.edi,8.965445348577347,928047147.9033389,20
SAMTEX.rtz204.2005.edi,8.460469266140908,288714945.6113092,47
SAMTEX.rtz205.2005.edi,8.579035617082628,379347532.45403504,80
SAMTEX.rtz206.2005.edi,8.466928754719975,293130969.7732135,80
SAMTEX.rtz207.2005.edi,7.6781071668763765,47654856.58279955,59
SAMTEX.rtz208.2005.edi,10.819132409682858,65937489782.83341,47
SAMTEX.rtz209.2005.edi,7.17376379121376,14919911.112469446,80
SAMTEX.rtz210.2005.edi,6.599704602004864,3978364.78478306,67
SAMTEX.rtz211.2005.edi,6.606124896768871,4043367.6578522883,84
SAMTEX.rtz212.2005.edi,7.976938567767999,94828431.62073375,47
SAMTEX.rtz213.2005.edi,7.597332280627925,39566923.256719865,71
SAMTEX.rtz401.2005.edi,8.677374312223405,476522788.80184543,72
SAMTEX.rtz402.2005.edi,8.549625571341295,354782175.2382562,84
SAMTEX.rtz403.2005.edi,7.5390787721934345,34600212.989000104,47
SAMTEX.rtz404.2005.edi,7.932526589599343,85610421.37024923,60
SAMTEX.rtz407.2005.edi,7.609231450527142,40676489.73882735,72
SAMTEX.rtz408.2005.edi,7.302494677885058,20125792.009804722,80
SAMTEX.rtz409.2005.edi,5.709728795534678,512541.8776504429,80
SAMTEX.rtz410.2005.edi,7.026931071689303,10639741.37975606,89
SAMTEX.rtz411.2005.edi,6.701164653872359,5025330.785510311,47
SAMTEX.rtz412.2005.edi,6.6817143976320965,4966120.461546034,72
SAMTEX.rtz413.2005.edi,6.756465414912739,5707809.381208491,58
SAMTEX.rtz414.2005.edi,6.53462256670984,3424700.2597543136,47
SAMTEX.rtz415.2005.edi,6.988690491194241,9752138.726079974,80
SAMTEX.rtz416.2005.edi,6.4864316037460545,3066769.340759447,52
SAMTEX.rtz417.2005.edi,6.737324578732508,5461816.74820551,80
SAMTEX.rtz418.2005.edi,7.148759169342316,14085075.178036036,47
SAMTEX.rtz419.2005.edi,7.209566401197284,16201916.932154234,49
SAMTEX.rtz420.2005.edi,6.6034475150903456,4012800.0025478066,67
SAMTEX.rtz421.2005.edi,6.160225465188589,1448371.0963669731,80
SAMTEX.rtz422.2005.edi,7.780550369642274,60332367.75828582,51
SAMTEX.rtz424.2005.edi,8.219877794201285,165915817.27694237,56
SAMTEX.rtz425.2005.edi,8.943499203349182,878009476.5128403,47
SAMTEX.rtzf01.2005.edi,6.741696176080673,5524458.9627427915,80
SAMTEX.rtzf02.2005.edi,7.139766976205902,13796438.08271147,47
SAMTEX.rtzf03.2005.edi,7.1769285807196175,15028947.96265361,47
SAMTEX.rtzfb1.2005.edi,8.037002418201011,108893615.66367766,47
SAMTEX.san001.2008.edi,7.438136812756001,27443924.278147772,86
SAMTEX.san002.2008.edi,7.3752500269436965,23799726.163591437,84
SAMTEX.san003.2008.edi,7.402465672393028,25325115.235282503,84
SAMTEX.san004.2008.edi,7.504598011912501,31978790.697664615,88
SAMTEX.san006.2008.edi,6.964497986563034,9215062.306448245,84
SAMTEX.san007.2008.edi,7.363408131517367,23089170.37060582,80
SAMTEX.san008.2008.edi,7.302761462131409,20103130.553140365,80
SAMTEX.san009.2008.edi,7.394032600899958,24811566.966593213,84
SAMTEX.san010.2008.edi,7.18013105817667,15170653.124128476,84
SAMTEX.san011.2008.edi,7.228724509025863,16932917.22682643,84
SAMTEX.san012.2008.edi,7.654850389629812,45283437.54906531,88
SAMTEX.san013.2008.edi,6.959588875703691,9140955.204422556,84
SAMTEX.san014.2008.edi,7.316699372649481,20793442.816111624,88
SAMTEX.sso101.2005.edi,9.116144099032962,1306604347.9121203,47
SAMTEX.sso102.2005.edi,8.998447613417778,996602509.8455544,84
SAMTEX.sso103.2005.edi,8.621444893431688,418445602.27833897,88
SAMTEX.sso104.2005.edi,8.839277827997844,690681507.1152143,85
SAMTEX.sso105.2005.edi,6.75658346752747,5709649.563187708,64
SAMTEX.sso106.2005.edi,7.640599676631917,43714446.79150925,88
SAMTEX.sso107.2005.edi,7.708865135698802,51160064.30262506,88
SAMTEX.sso108.2005.edi,7.644591094000796,44137367.79309626,88
SAMTEX.sso109.2005.edi,7.659785177747775,45687161.73527637,88
SAMTEX.sso110.2005.edi,7.603149464824746,40107700.89403276,84
SAMTEX.sso111.2005.edi,6.455573103531836,2854797.0918100243,88
SAMTEX.sso112.2005.edi,7.7120048016811715,51539698.17242004,84
SAMTEX.sso113.2005.edi,7.770109949938033,58906879.26934954,88
SAMTEX.sso114.2005.edi,7.487639172176214,30735500.287883945,88
SAMTEX.sso115.2005.edi,8.075602582667347,119028644.75771841,88
SAMTEX.sso116.2005.edi,8.128552767727125,134447678.97917098,88
SAMTEX.sso117.2005.edi,8.854085719555837,714637364.8290807,47
SAMTEX.sso118.2005.edi,8.155350991507929,143094355.55460355,88
SAMTEX.win002.2006.edi,6.75861140739144,5738825.217100696,84
SAMTEX.win003.2006.edi,6.424348566278216,2658729.971702422,84
SAMTEX.win004.2006.edi,7.054427531578252,11338424.272551246,84
SAMTEX.win005.2006.edi,6.266621009710207,1847661.749639493,84
SAMTEX.win006.2006.edi,6.226606738328804,1685084.4608278861,84
SAMTEX.win007.2006.edi,7.597227125586377,39564240.5580592,84
SAMTEX.win008.2006.edi,7.081955948355428,12078574.784707848,86
SAMTEX.win009.2006.edi,8.475616471102008,299003294.88680637,86
SAMTEX.win010.2006.edi,8.716082350678715,520103431.7156873,84
SAMTEX.win011.2006.edi,8.043202810465612,110460352.68054104,84
SAMTEX.win012.2006.edi,7.937713914254639,86708700.38592273,84
SAMTEX.win013.2006.edi,7.966024606853329,92520251.414846,84
SAMTEX.win014.2006.edi,8.444937566776604,278574892.85453343,84
SAMTEX.win015.2006.edi,8.879425266256355,757580467.6058149,84
SAMTEX.win016.2006.edi,8.593801609245267,392467127.9371054,88
SAMTEX.win017.2006.edi,8.766696415091218,584387361.7384061,84
SAMTEX.win018.2006.edi,8.722097234378477,527352792.09467924,88
SAMTEX.win019.2006.edi,8.628347905528155,424962818.01815736,84
SAMTEX.win020.2006.edi,8.719922693067904,524715425.3122534,88
SAMTEX.win021.2006.edi,8.55516968063518,359080391.17452675,84
SAMTEX.win022.2006.edi,9.136364034566927,1368875764.6545355,85
SAMTEX.win023.2006.edi,8.690162337719848,490033868.8703121,84
SAMTEX.win024.2006.edi,8.456431244716743,286098044.7050036,88
SAMTEX.win025.2006.edi,8.507730510654346,321907066.675607,83
SAMTEX.win026.2006.edi,7.232496155576042,17082593.92596519,88
SAMTEX.win027.2006.edi,7.789830996701399,61635726.833501965,84
SAMTEX.win029.2006.edi,7.469160884503069,29456307.388496824,82
SAMTEX.win030.2006.edi,8.744516683172915,555294053.4323387,88
SAMTEX.win031.2006.edi,8.361652027162698,230105320.59013093,84
SAMTEX.win032.2006.edi,7.556873145775498,36059438.89871808,88
SAMTEX.win033.2006.edi,8.126089478163491,133687325.94542202,84
SAMTEX.win034.2006.edi,7.597632999022704,39596657.44522458,88
SAMTEX.win035.2006.edi,8.22139219216094,166491548.33196416,47
SAMTEX.win036.2006.edi,7.587143052432906,38649426.35893353,47
SAMTEX.win037.2006.edi,8.109987618772633,128821282.57297339,47
SAMTEX.win038.2006.edi,8.275076708204855,188398182.24798608,47
SAMTEX.win039.2006.edi,8.714585600776863,518305241.49563074,47
SAMTEX.win040.2006.edi,8.355074600923237,226503335.0222525,47
SAMTEX.win041.2006.edi,8.54172213470993,348114517.1513584,47
SAMTEX.win042.2006.edi,8.380125452227182,239952595.6611101,47
SAMTEX.wita13.2004.edi,10.001757318065096,11484795083.065434,78
SAMTEX.wita15.2004.edi,8.860969292151726,742599285.2621524,74
SAMTEX.wita16.2004.edi,8.137734084282275,137324989.64516586,74
SAMTEX.wita18.2004.edi,8.704237207838416,506110264.34971344,76
SAMTEX.wita19.2004.edi,8.866446986885675,738491079.7476871,76
SAMTEX.wita20.2004.edi,7.03710099630856,10909669.207914252,72
SAMTEX.wita21.2004.edi,8.413981950836076,259408602.92344755,66
SAMTEX.wita22.2004.edi,4.639836005037701,43635.102958625095,77
SAMTEX.wita23.2004.edi,6.22031965179462,1662905.0921881371,80
SAMTEX.wita24.2004.edi,7.809346150494766,64468881.8861025,72
SAMTEX.wita25.2004.edi,9.307783430794064,2031343790.0986648,77
SAMTEX.wita26.2004.edi,10.27163336675285,18691035689.655617,73
SAMTEX.wita27.2004.edi,10.279387415674105,19027749077.997707,71
SAMTEX.wita28.2004.edi,9.019162533905945,1045112393.8017926,76
SAMTEX.wita29.2004.edi,9.486682533987157,3066779376.0748553,67
SAMTEX.wita30.2004.edi,10.515383452310973,32762984194.39206,71
SAMTEX.wita31.2004.edi,9.545579720573668,3512260823.8277574,72
SAMTEX.wita32.2004.edi,9.277117987072272,1903112801.579767,74
SAMTEX.wita33.2004.edi,10.218572910580162,16541424635.551271,73
SAMTEX.wita34.2004.edi,9.636299080560306,4328117879.185524,71
SAMTEX.wita35.2004.edi,8.862711231421407,728972644.7947443,71
SAMTEX.wita36.2004.edi,9.771631954055666,5912371548.223894,76
SAMTEX.wita37.2005.edi,8.77991834556912,602637637.1658771,70
SAMTEX.wita38.2005.edi,10.08620319269335,12195600591.59227,71
SAMTEX.wita39.2005.edi,10.184086432797182,17261261112.10603,74
SAMTEX.wita40.2005.edi,11.053377351641894,113077800316.50502,69
SAMTEX.wita41.2005.edi,8.991713024110904,1009223223.7337693,70
SAMTEX.wita42.2005.edi,8.452959817977483,284264060.8535508,70
SAMTEX.wita43.2005.edi,9.965021800210916,9226392969.571648,74
SAMTEX.wita44.2005.edi,8.333996811021564,215788626.57093322,72
SAMTEX.wita45.2005.edi,9.858999479458149,7318582747.313509,74
SAMTEX.wita46.2005.edi,8.625745870487044,422796212.2823136,76
SAMTEX.wita47.2005.edi,8.9043239692761,806656637.7503911,72
SAMTEX.wita48.2005.edi,9.920685445369775,8364205748.699666,74
SAMTEX.witb10.2004.edi,9.89228144500513,7803553961.549933,76
SAMTEX.witb11.2004.edi,9.979048346406818,9529321406.854671,76
SAMTEX.witb12.2004.edi,10.00936189230964,10220452031.72592,76
SAMTEX.witb13.2004.edi,10.530314893010763,33908993026.840523,73
SAMTEX.witb14.2004.edi,10.401464059559625,25203685955.80931,69
SAMTEX.witb15.2004.edi,9.485517661012784,3058626396.3818564,68
SAMTEX.witb16.2004.edi,9.577095242063125,3776550027.0263004,71
SAMTEX.witb17.2004.edi,9.6205581320805,4174106793.763242,70
SAMTEX.witb18.2004.edi,10.0246663860393,10585153567.659023,68
SAMTEX.witb19.2004.edi,9.102247780174135,1265458129.6227193,75
SAMTEX.witb20.2004.edi,7.004401223750295,10114296.262264853,68
SAMTEX.witb21.2004.edi,6.490304413205006,3092517.772452838,76
SAMTEX.witb22.2004.edi,8.032254819583702,107735081.81832708,70
SAMTEX.witb23.2004.edi,10.502624288258115,32651365734.421688,76
SAMTEX.witb24.2004.edi,9.904029978761107,8017334040.508953,67
SAMTEX.witb25.2004.edi,9.805473335808928,6389595062.226276,73
SAMTEX.witb26.2004.edi,9.764001996166114,5807680897.589968,68
SAMTEX.witb27.2004.edi,9.455346526063305,2853294019.1632714,75
SAMTEX.witb28.2004.edi,10.795147153914572,62394621411.65945,75
SAMTEX.witb29.2004.edi,9.745217002476554,5561820935.051419,69
SAMTEX.witb31.2004.edi,10.503029423518917,41209472930.89731,72
SAMTEX.witb32.2004.edi,11.269572277972301,189165218806.59418,70
SAMTEX.witb33.2004.edi,11.211183408400123,165073208917.16785,68
SAMTEX.witb34.2004.edi,10.608750940769294,42512777733.49512,76
SAMTEX.witb35.2004.edi,9.551525339981144,3598816119.7850723,74
SAMTEX.witb36.2004.edi,10.062640951601317,11613214964.466461,74
SAMTEX.zim101.2005.edi,7.939990807868749,87157301.43868658,28
SAMTEX.zim102.2005.edi,7.699285708415597,50036359.9894542,47
SAMTEX.zim103.2005.edi,9.180939504723096,1517844779.802147,28
SAMTEX.zim104.2005.edi,7.995722480762384,99019899.39803675,47
SAMTEX.zim105.2005.edi,8.147401945967815,140411263.0393124,47
SAMTEX.zim106.2005.edi,8.082539998064876,120931655.45969161,47
SAMTEX.zim107.2005.edi,9.274094604078288,1879726240.382295,47
SAMTEX.zim108.2005.edi,9.380678471058825,2402668131.7388344,80
SAMTEX.zim109.2005.edi,9.355216917623496,2265775714.9275317,83
SAMTEX.zim110.2005.edi,8.689097585179898,488935644.59073913,88
SAMTEX.zim111.2005.edi,9.312172239440464,2052936937.3898356,88
SAMTEX.zim112.2005.edi,8.970599006646323,934558842.8250127,88
SAMTEX.zim113.2005.edi,9.124761223537448,1333445324.516096,88
SAMTEX.zim114.2005.edi,9.136117446275907,1368585290.6048079,88
SAMTEX.zim115.2005.edi,8.573462172757456,374508925.72144663,47
SAMTEX.zim116.2005.edi,7.034253758692732,10826682.980903368,88
SAMTEX.zim117.2005.edi,6.582545857912906,3835678.421426708,88
SAMTEX.zim118.2005.edi,7.000983042820137,10035602.591966989,88
SAMTEX.zim119.2005.edi,6.312526306071506,2053649.4162767823,47
SAMTEX.zim120.2005.edi,6.638306481144942,4348169.657864803,47
SAMTEX.zim121.2005.edi,7.304711161969468,20170299.393650092,86
SAMTEX.zim122.2005.edi,6.551653113616602,3561665.3695589695,47
SAMTEX.zim123.2005.edi,8.010476694915573,102441680.66421911,47
SAMTEX.zim124.2005.edi,6.941677858231792,8743349.88934389,47
SAMTEX.zim125.2005.edi,7.99313514389881,98482293.94566293,88
SAMTEX.zim126.2005.edi,8.005297324005399,101227223.2652736,47
SAMTEX.zim127.2005.edi,8.411951568112721,258197223.68003136,47
SAMTEX.zim128.2005.edi,8.274830659640646,188299108.85799074,88
SAMTEX.zim130.2005.edi,8.442568794969821,277056787.9734374,47
SAMTEX.zim131.2005.edi,9.136358586006669,1368858591.1567912,47
