Site,Skew,Lat,Lon,Is1D,Slope_1_100s
PRIDE.ZAM001A_RH_ZAM00.2011-2012,0.1301387238595023,-17.382805555555557,24.648191666666666,True,0.2463824577930183
PRIDE.ZAM009A_RH_ZAM01.2011-2012,0.1614442938706959,-16.185,25.037358333333337,True,-0.2823556199276585
PRIDE.ZAM011A_RH_ZAM00.2011-2012,0.1466956402331498,-15.83025,24.99688888888889,True,-0.1933658652505309
PRIDE.ZAM013A_RH_ZAM01.2011-2012,0.1925717660282065,-15.54213888888889,24.77146944444444,True,0.322431151426879
PRIDE.ZAM01B_RH_ZAM03B.2011-2012,0.1086254001686341,-17.447219444444446,24.21527777777778,True,0.1733216858768427
PRIDE.ZAM14B_RH_ZAM15B.2011-2012,0.0885020986855067,-16.349805555555555,22.497691666666668,True,-0.1138070444814615
PRIDE.ZAM16B_RH_ZAM15B.2011-2012,0.1781281226760739,-16.38660833333333,22.868277777777777,True,0.4278232330691404
PRIDE.ZAM21B_RH_ZAM20B.2011-2012,0.1465850622864999,-16.00713888888889,23.336277777777777,True,0.3891197853234854
PRIDE.ZAM31B_RH_ZAM39B.2011-2012,0.0991210338773864,-14.966080555555555,24.319666666666667,True,0.4531119341094036
PRIDE.ZAM33B_RH_ZAM32B.2011-2012,0.1856614688467385,-14.847441666666668,24.671858333333333,True,0.4701177594307686
PRIDE.ZAM34B_RH_ZAM40B.2011-2012,0.1367845374221247,-14.710691666666666,24.553055555555556,True,0.4519023356275083
SAMTEX.CPV001.2006,0.0481380268230189,-17.859811111111114,19.136552777777776,True,0.6688140543919165
SAMTEX.CPV002.2006,0.0899340572836463,-17.878144444444445,19.337302777777776,True,0.7197598613041127
SAMTEX.CPV003.2006,0.1322931500135053,-17.892894444444444,19.509383333333332,True,0.6798383287422546
SAMTEX.CPV005.2006,0.1104261454258782,-17.923450000000003,19.938525,True,0.726262398242294
SAMTEX.CPV008.2006,0.1262019580523465,-17.97795,20.446830555555557,True,0.502983255768175
SAMTEX.CPV025.2006,0.1556565230313447,-17.76245,23.462941666666666,True,0.0284292271802832
SAMTEX.CPV027.2006,0.1413165180895164,-17.710283333333333,23.860691666666668,True,0.3384215145162826
SAMTEX.CPV029.2006,0.0957285105210336,-17.638394444444444,24.212552777777777,True,0.2772876421663238
SAMTEX.ELZ192A.2008,0.0693094207525754,-17.67272777777778,24.29319166666667,True,0.206560891013406
SAMTEX.ELZ291A.2008,0.1083042065943136,-17.723783333333333,23.930275,True,0.3471291323697076
SAMTEX.ELZ294A.2008,0.0626349622195354,-17.711672222222223,24.511941666666665,True,0.3265280880164943
SAMTEX.ETO012A.2008,0.1324965747086156,-20.15478333333333,15.070691666666669,True,-0.3198696523430573
SAMTEX.ETO013A.2008,0.1468089807565017,-19.98056111111111,14.975219444444445,True,-0.2685205091176858
SAMTEX.ETO018A.2008,0.1639929230018088,-19.17058888888889,14.381691666666669,True,-0.4866316346091792
SAMTEX.GIB004A.2008,0.0932720108403133,-24.72545,19.24286111111111,True,0.4679021453815934
SAMTEX.GIB006A.2008,0.0392005213998291,-24.8462,18.82702777777778,True,0.3667339440445768
SAMTEX.GIB010A.2008,0.06626523912808,-25.119366666666668,18.02861111111111,True,0.1155938119592637
SAMTEX.GIB014A.2008,0.1588308830750156,-25.13845,17.182083333333335,True,-0.2229480345794303
SAMTEX.GIB018a.true.2008,0.141092977330063,-25.391644444444445,16.37211111111111,True,-0.5674820017106219
SAMTEX.KXT002A_auto.tru.2008,0.1638504527859684,-30.43564444444445,26.61628055555556,True,0.3414175314649098
SAMTEX.KXT003A_auto.tru.2008,0.1493233742720866,-30.537755555555556,26.787669444444447,True,0.2846072294347589
SAMTEX.KXT004A_auto.tru.2008,0.162403948815185,-30.681283333333333,26.94469722222222,True,0.2532912409984554
SAMTEX.KXT005A_auto.tru.2008,0.0883228964370274,-30.788144444444445,27.102061111111112,True,0.1739679816979637
SAMTEX.KXT007A_auto.tru.2008,0.1945664704252786,-31.034172222222224,27.45892222222222,True,-0.1352603650736633
SAMTEX.KXT008A_auto.tru.2008,0.1705799971224757,-31.175422222222224,27.575033333333337,True,-0.0248615435375757
SAMTEX.LOW006B_auto.tru.2008,0.1630055326209186,-23.20331111111111,30.302305555555556,True,-0.7871819892002746
SAMTEX.NEN001.2006,0.1953892716378319,-21.97045,20.97735833333333,True,-0.1941836127723377
SAMTEX.NEN003.2006,0.1785555303047085,-21.63206111111111,20.853275,True,-0.2893604106658722
SAMTEX.NEN020.2006,0.1668400755590737,-18.608394444444446,20.077275,True,0.4104865191161685
SAMTEX.NEN021.2006,0.0822752965480135,-18.454533333333337,20.024775,True,0.4649611815452106
SAMTEX.NEN023.2006,0.1187597076168172,-18.10036666666667,19.952441666666665,True,0.7345679551333807
SAMTEX.RAK011A.2008,0.1443965372815078,-17.514644444444443,16.165633333333332,True,0.1025238076140128
SAMTEX.RAK017A.2008,0.1556460303909439,-17.616255555555558,17.390302777777777,True,0.3058240214090435
SAMTEX.RAK019A.2008,0.1010401117707736,-17.614394444444446,17.78946666666667,True,0.4393767239378312
SAMTEX.RAK020A.2008,0.1791436336534934,-17.620783333333335,18.010413888888888,True,0.5322142757884338
SAMTEX.RAK022A.2008,0.0675895977428576,-17.737033333333333,18.406469444444443,True,0.602001551919928
SAMTEX.RAK024A.2008,0.0840506959639529,-17.834755555555553,18.76166388888889,True,0.616138066509617
SAMTEX.RAK025A.2008,0.0806213902304555,-17.833283333333334,18.940080555555557,True,0.5835539406569419
SAMTEX.RAK054A.2008,0.0875994604076504,-17.801255555555556,24.619052777777775,True,0.2488397815213072
SAMTEX.RAK099A.2008,0.1836246951461328,-17.668644444444446,15.866355555555556,True,0.1355958804048435
SAMTEX.bot205.2005,0.1474308798527913,-26.57795,26.818608333333337,True,0.2640007837439008
SAMTEX.bot218.2005,0.172173977362354,-24.79322777777778,24.995,True,-0.3586347342190325
SAMTEX.bot222.2005,0.123755274035193,-24.569366666666667,24.29202777777778,True,-0.023211312245445
SAMTEX.bot226.2005,0.0733287957270857,-24.32742222222222,23.460083333333333,True,0.0594162683621252
SAMTEX.bot227.2005,0.0467097258602438,-24.248505555555557,23.29416666666667,True,0.0558945381801128
SAMTEX.bot228.2005,0.0636465651348456,-24.13992222222222,23.144805555555553,True,0.1511949477478314
SAMTEX.bot229.2005,0.1527149800283956,-23.965477777777775,22.998416666666667,True,0.255641369237732
SAMTEX.bot230.2005,0.0789809331072281,-23.810727777777775,22.901666666666664,True,0.3824544074286047
SAMTEX.bot231.2005,0.0598209357114293,-23.670755555555555,22.74119444444445,True,0.4907694759914149
SAMTEX.bot406.2005,0.1017230825663354,-24.523533333333333,25.51897222222222,True,-0.3548163690182916
SAMTEX.bot407.2005,0.0292917118578589,-24.34572777777778,25.52583055555555,True,-0.4044773375560596
SAMTEX.bot408.2005,0.1009943128936667,-24.17045,25.603608333333337,True,-0.3978621718392244
SAMTEX.bot410.2005,0.0899901788574125,-23.853505555555557,25.69555555555555,True,-0.1801056340370331
SAMTEX.bot411.2005,0.1100953022999221,-23.67322777777778,25.761666666666667,True,-0.0159099238688922
SAMTEX.bot412.2005,0.1391433078107219,-23.509616666666663,25.773888888888887,True,0.0863143046801276
SAMTEX.bot413.2005,0.0835083753395052,-23.35072777777778,25.86305555555556,True,0.2169427689603691
SAMTEX.bot414.2005,0.0768294732211742,-23.21433888888889,26.0575,True,0.1084140401730078
SAMTEX.bot415.2005,0.1651311980560533,-23.139366666666668,26.244247222222224,True,-0.0404145916906427
SAMTEX.bot416.2005,0.1569011862542475,-22.96600555555555,26.37638888888889,True,-0.1980395092790963
SAMTEX.bot420.2005,0.0403474912728158,-22.293533333333336,26.76758055555555,True,-0.0764457008348658
SAMTEX.bota13.2005,0.1119845586838729,-25.59378333333333,25.565830555555557,True,-0.2279748042102605
SAMTEX.botb13.2005,0.1139317734755922,-25.41933888888889,25.604166666666668,True,-0.2630543699682197
SAMTEX.dmb001.2006,0.0736327522448811,-18.312116666666668,17.998330555555558,True,0.3685915207536337
SAMTEX.dmb003.2006,0.1972156181555625,-18.66683888888889,17.998608333333333,True,0.027224271889602
SAMTEX.dmb004.2006,0.1136137206378848,-18.832116666666668,18.093774999999997,True,-0.0282433939692497
SAMTEX.dmb008.2006,0.1712214909043229,-19.569616666666665,18.14527777777778,True,-0.3748499285385163
SAMTEX.dmb010.2006,0.1510779682487587,-19.88045,18.304441666666666,True,0.2682589572427629
SAMTEX.dmb014.2006,0.1751089539318513,-20.601144444444447,18.372636111111113,True,-0.5184820728304195
SAMTEX.dmb017.2006,0.1486510532029592,-21.19183888888889,18.524441666666664,True,-0.4064168005178877
SAMTEX.dmb019.2006,0.1935097693936544,-21.54183888888889,18.610555555555557,True,-0.382392855295088
SAMTEX.dmb022.2006,0.1723768950330054,-22.02045,18.834163888888888,True,-0.4079668656605597
SAMTEX.dmb029.2006,0.1427728901043033,-23.283255555555556,19.018219444444444,True,-0.114996461155372
SAMTEX.dmb030.2006,0.0787351197403699,-23.453477777777778,19.110997222222224,True,0.0316362308315962
SAMTEX.dmb031.2006,0.0578339716803942,-23.634977777777777,19.121583333333337,True,0.0997796519277824
SAMTEX.dmb032.2006,0.1330779812750281,-23.788505555555556,19.231388888888887,True,0.1319781309360308
SAMTEX.dmb033.2006,0.0477699377468506,-23.97853333333333,19.23311111111111,True,0.1572210545491939
SAMTEX.dmb035.2006,0.0414800765948906,-24.301561111111113,19.254719444444444,True,0.260009494876112
SAMTEX.dmb101A.2006,0.1415331777323502,-17.842616666666665,18.000855555555557,True,0.5384572430897238
SAMTEX.dmb102A.2006,0.0924042998151572,-18.012866666666667,18.000080555555556,True,0.3983651222315987
SAMTEX.k2g003.2006,0.1083804524883289,-22.02608888888889,21.53738611111111,True,-0.1505255463685323
SAMTEX.k2g004.2006,0.1525988269739723,-22.18506111111111,21.595913888888887,True,-0.0871706054648109
SAMTEX.k2g005.2006,0.1217736554852235,-22.388116666666665,21.718552777777777,True,-0.2918790410233151
SAMTEX.k2g006.2006,0.1037161499734006,-22.53017222222222,21.833108333333332,True,-0.3138605303565684
SAMTEX.k2g007.2006,0.0934017439673887,-22.634866666666667,21.92005277777778,True,-0.2808102350532315
SAMTEX.k2g008.2006,0.0430297534539565,-22.83156111111111,22.04305555555556,True,0.0895753487460494
SAMTEX.k2g009.2006,0.0575869693351276,-22.933200000000003,22.13288888888889,True,0.2894062757723978
SAMTEX.k2g010.2006,0.0804523842450157,-23.0877,22.252416666666665,True,0.4321317333302114
SAMTEX.k2g011.2006,0.0532206037626128,-23.217366666666663,22.371694444444444,True,0.4843203028516413
SAMTEX.k2g012.2006,0.1051326995022539,-23.36008888888889,22.488666666666667,True,0.5174765919149441
SAMTEX.k2g013.2006,0.0932145479376478,-23.49950555555556,22.604861111111113,True,0.5568126257475928
SAMTEX.k2g014.2006,0.1286427377068206,-23.649144444444445,22.71975,True,0.5141856928319183
SAMTEX.kal001.2008,0.1167123201056249,-21.99445,21.751719444444443,True,-0.1478129408050526
SAMTEX.kal007.2008,0.1628446065886983,-22.275866666666666,22.86966388888889,True,0.2502635079949858
SAMTEX.kal008.2008,0.1865787036152651,-22.34331111111111,23.04866388888889,True,0.3702376921354282
SAMTEX.kal009.2008,0.0663979748017298,-22.367116666666668,23.2385,True,0.5230179827160177
SAMTEX.kal010.2008,0.1531580041800829,-22.370144444444445,23.43588888888889,True,0.5227624893830051
SAMTEX.kal011.2008,0.1565526874070062,-22.372311111111113,23.639913888888888,True,0.5870654999330713
SAMTEX.kal012.2008,0.0622199427522442,-22.510533333333335,23.83621944444444,True,0.6417443931062086
SAMTEX.kal014.2008,0.1406940202265042,-22.640866666666668,24.168277777777774,True,0.5038272972914329
SAMTEX.kal016.2008,0.057113101926734,-22.640394444444443,24.551358333333333,True,0.5173495389437553
SAMTEX.kal017.2008,0.0838093155476053,-22.6447,24.75638888888889,True,0.3857727333048046
SAMTEX.kal018.2008,0.0664506073749358,-22.472116666666665,24.866469444444444,True,0.358774275434793
SAMTEX.kal019.2008,0.0336980444109295,-22.385838888888888,25.047027777777775,True,0.3629050483266936
SAMTEX.kal020.2008,0.0984772175203566,-22.27667222222222,25.204580555555555,True,0.322108231992793
SAMTEX.kal021.2008,0.0570455212896354,-22.175116666666668,25.34521944444444,True,0.4030024527238789
SAMTEX.kal022.2008,0.0534442291134805,-22.05583888888889,25.512108333333337,True,0.0620985509490249
SAMTEX.kal023.2008,0.0659221644535124,-21.938616666666668,25.672997222222225,True,0.0265839220336514
SAMTEX.kal024.2008,0.0711574006238089,-21.829894444444445,25.822941666666665,True,0.0599950755596147
SAMTEX.kap001.2003,0.1862325293017578,-32.39961666666667,20.20888888888889,True,-0.5349720867827872
SAMTEX.kap005.2003,0.1510264825233198,-31.83156111111111,20.7775,True,-0.0379763984669577
SAMTEX.kap008.2003,0.1870251322167543,-31.40545,21.189441666666667,True,0.2466486321108731
SAMTEX.kap010.2003,0.124582858556624,-31.14795,21.466941666666663,True,0.3027630587427535
SAMTEX.kap013.2003,0.1115329222588648,-30.73444166666667,21.89110833333333,True,0.8012715262227817
SAMTEX.kap017.2003,0.1434682557164794,-30.21878333333333,22.413888888888888,True,0.0181693116481414
SAMTEX.kap020.2003,0.1105621728506604,-29.804616666666668,22.855,True,0.3973258338892861
SAMTEX.kap024.2003,0.1381087896663674,-29.234894444444446,23.37,True,-0.0938161344935663
SAMTEX.kap034.2003,0.1343641419311567,-27.85683888888889,24.684166666666663,True,0.1470081551456168
SAMTEX.kap061.2003,0.1811040299941228,-24.116005555555557,28.123330555555555,True,-0.4088930352455839
SAMTEX.kap067.2003,0.1519423971823439,-23.174441666666667,28.948055555555555,True,-0.2644079753765871
SAMTEX.kap068.2003,0.1519423509939176,-23.174441666666667,28.948055555555555,True,-0.264407317032597
SAMTEX.kap074.2003,0.1550151917650475,-22.30989444444445,29.718055555555555,True,-0.5392502633710797
SAMTEX.kim009_H.2003-2006,0.1351930328817497,-28.734061111111114,24.5125,True,0.6228181800927902
SAMTEX.kim012.2003-2006,0.1879989582672282,-29.132394444444444,25.0125,True,0.4587192575611117
SAMTEX.kim015.2003-2006,0.182583707946706,-29.493783333333333,25.445830555555556,True,0.3224814678005592
SAMTEX.kim016.2003-2006,0.1482786011923426,-29.64433888888889,25.616388888888892,True,0.3379859844447281
SAMTEX.kim020.2003-2006,0.0925468697248831,-30.079366666666665,26.169530555555557,True,0.4076579823817328
SAMTEX.kim215.2003-2006,0.1286902223834928,-29.57016388888889,25.515238888888888,True,0.3596106421581739
SAMTEX.kim314.2003-2006,0.0332184784793916,-29.46300555555555,25.394991666666662,True,0.4265538648283274
SAMTEX.kim411.2004,0.1484355516524298,-26.381033333333335,21.563694444444444,True,0.4623258832871907
SAMTEX.kim412.2004,0.0680123809109991,-26.28658888888889,21.41952777777778,True,0.5362725928056702
SAMTEX.kim413.2004,0.0361537298070037,-26.15214444444444,21.22175,True,0.6317690223260197
SAMTEX.kim418.2004,0.1247985672374167,-25.5602,20.56925,True,0.5782817178053684
SAMTEX.kim419.2004,0.0505056616131386,-25.47853333333333,20.442305555555556,True,0.7002216274650479
SAMTEX.kim420.2004,0.0284704488272637,-25.35547777777778,20.26175,True,0.6207417523928416
SAMTEX.kim421.2004,0.1331452080881487,-25.217699999999997,20.152027777777775,True,0.6002095732399355
SAMTEX.kim422.2004,0.0778854804449639,-25.10686666666667,19.952027777777776,True,0.6108792001334485
SAMTEX.kim423.2004,0.029474064456947,-24.994644444444447,19.834249999999997,True,0.589918513465921
SAMTEX.kim424.2004,0.060309990983979,-24.83992222222222,19.68925,True,0.5277275032150421
SAMTEX.kim425.2004,0.0452851515407257,-24.739894444444445,19.549719444444445,True,0.4848095315608436
SAMTEX.kim426.2004,0.0430237552191158,-24.621033333333333,19.41647222222222,True,0.4563328104931176
SAMTEX.kim427.2004,0.0481242967209755,-24.510755555555555,19.25175,True,0.4147539897104925
SAMTEX.kim428.2004,0.0353993175916459,-24.401588888888888,19.12491388888889,True,0.3243229946502748
SAMTEX.kim429.2004,0.0325951390627606,-24.26992222222222,18.97036111111111,True,0.2601238402520516
SAMTEX.kim430.2004,0.0333349511484501,-24.147144444444443,18.825083333333332,True,0.1705639229967763
SAMTEX.kim431.2004,0.0442059242329126,-24.056033333333335,18.66813888888889,True,0.0609461433496015
SAMTEX.kim432.2004,0.0352695522472173,-23.91631111111111,18.546750000000003,True,-0.0529502728587766
SAMTEX.kim434.2004,0.1807450459825963,-23.69047777777778,18.269805555555553,True,-0.3571815053059856
SAMTEX.kim435.2004,0.1022002030285583,-23.59381111111111,18.124805555555557,True,-0.4497090476504505
SAMTEX.kim436.2004,0.1210331918192602,-23.45381111111111,17.959527777777776,True,-0.4480495923954029
SAMTEX.kim439.2004,0.1874996787067751,-23.094644444444445,17.517305555555556,True,-0.6098256551825033
SAMTEX.kim446.2004,0.1837841549197872,-22.31992222222222,16.511469444444444,True,-0.7674228018646574
SAMTEX.kof005.2004,0.1077381130397271,-28.54888888888889,25.55027777777778,True,0.0935406257305867
SAMTEX.kof006.2004,0.0911816583460144,-28.37638888888889,25.650555555555552,True,0.2642785050023121
SAMTEX.kof008.2004,0.0901796756842982,-28.104166666666668,25.966666666666665,True,0.2248391479362396
SAMTEX.kof009.2004,0.0649152813697242,-27.99888888888889,26.089719444444444,True,0.1768344130643969
SAMTEX.mak001.2006,0.1897818653945016,-20.177533333333333,26.030830555555553,True,0.7876272728025442
SAMTEX.mak002.2006,0.105516470199454,-20.15608888888889,25.842552777777776,True,0.7334224167187452
SAMTEX.mak003.2006,0.1241325945684416,-20.130116666666662,25.643719444444443,True,0.7345965973894087
SAMTEX.mak004.2006,0.1637820090078148,-20.15731111111111,25.458413888888888,True,0.4765444167013354
SAMTEX.mak006.2006,0.0652892729377278,-20.210277777777776,25.091388888888886,True,0.517185679605898
SAMTEX.mak008.2006,0.1501208264224177,-20.24472777777778,24.70838611111111,True,0.8241337109305011
SAMTEX.mak009.2006,0.0785404569044738,-20.19856111111111,24.51113611111111,True,0.7702514571200617
SAMTEX.mak010.2006,0.0934637954028879,-20.18783888888889,24.34230277777778,True,0.7858106542436668
SAMTEX.mof101.2005,0.0631053762203789,-20.05295,23.479999999999997,True,0.5288483872248528
SAMTEX.mof102.2005,0.1274818142121939,-20.14545,23.648888888888887,True,0.5484782826232979
SAMTEX.mof104.2005,0.169951229037946,-20.179616666666668,24.03,True,0.7991893771497439
SAMTEX.mof105.2005,0.1244577497351206,-20.252116666666662,24.206108333333333,True,0.8193007262404947
SAMTEX.mof106.2005,0.1186736674488316,-20.361283333333336,24.317777777777778,True,0.8284365085882639
SAMTEX.mof107.2005,0.03494826322031,-20.456005555555556,24.490555555555556,True,0.7898143422725715
SAMTEX.mof108.2005,0.0487066776980996,-20.618783333333333,24.415555555555553,True,0.6787968958492129
SAMTEX.mof109.2005,0.0624620025814887,-20.79322777777778,24.369441666666667,True,0.529820013053299
SAMTEX.mof110.2005,0.083762321619441,-20.96795,24.363330555555557,True,0.5132802505962274
SAMTEX.mof111.2005,0.0573939636095897,-21.09100555555555,24.447777777777777,True,0.4133951359728156
SAMTEX.mof112.2005,0.0288251541512916,-21.147116666666665,24.623608333333333,True,0.591573400331512
SAMTEX.mof113.2005,0.0747912678106516,-21.17183888888889,24.788608333333336,True,0.5581975123349855
SAMTEX.mof114.2005,0.0554134508619503,-21.252394444444445,24.956108333333333,True,0.6180852822994585
SAMTEX.mof115.2005,0.1117755512286376,-21.28795,25.1375,True,0.4854216330126591
SAMTEX.mof117.2005,0.1084740250576816,-21.315727777777777,25.456666666666667,True,0.1511041780124188
SAMTEX.mof118.2005,0.1160974778666473,-21.31545,25.642219444444443,True,0.2121799917956696
SAMTEX.mof119.2005,0.0693529405609387,-21.31739444444445,25.83360833333333,True,0.1069459686163454
SAMTEX.mof120.2005,0.1456766386882421,-21.323505555555556,26.025,True,0.057243121463642
SAMTEX.mof125.2005,0.113519561556657,-21.08545,26.913888888888888,True,-0.3470382445972951
SAMTEX.mof126.2005,0.1886792442596735,-21.07795,27.093888888888888,True,-0.2335721524440492
SAMTEX.mof127.2005,0.1401978848667435,-21.093505555555556,27.2875,True,-0.2508837557127388
SAMTEX.mol101.2005,0.0998393689769028,-24.353608333333337,25.42638888888889,True,-0.3642781843785582
SAMTEX.mol102.2005,0.0865116911048443,-24.247222222222224,25.27694444444444,True,-0.2928277422067669
SAMTEX.mol104.2005,0.124738818240956,-24.006663888888887,24.98638888888889,True,-0.0094828595080667
SAMTEX.mol105.2005,0.0603645822420662,-23.860555555555557,24.86638611111111,True,0.2095604431562066
SAMTEX.mol107.2005,0.0979491016648947,-23.566666666666663,24.721944444444443,True,0.2494580844247131
SAMTEX.mol108.2005,0.1138559835978843,-23.405555555555555,24.666663888888888,True,0.263295897330034
SAMTEX.oka002.2006,0.0875795684288722,-20.330783333333333,22.62063611111111,True,0.1113847186591744
SAMTEX.oka003.2006,0.0800304062519829,-20.182394444444444,22.463858333333334,True,0.2008109343716667
SAMTEX.oka004.2006,0.1275949712477062,-20.04833055555556,22.315830555555557,True,0.2002900974120853
SAMTEX.oka006.2006,0.0955936823610722,-19.7157,22.193136111111112,True,0.1466232629768273
SAMTEX.oka007.2006,0.1848178029068788,-19.545894444444446,22.13405277777778,True,0.0953007729583507
SAMTEX.oka008.2006,0.1403078505780439,-19.38136666666667,22.156441666666662,True,0.0649763627232333
SAMTEX.rtz202.2005,0.1354567481446645,-25.290000000000003,25.35333055555556,True,-0.3750863005118309
SAMTEX.rtz205.2005,0.1819800455099897,-25.32658888888889,24.84175,True,-0.3040082784806814
SAMTEX.rtz206.2005,0.1920938654788828,-25.375755555555557,24.668694444444444,True,-0.3397555206466274
SAMTEX.rtz401.2005,0.0648947418941724,-24.23600555555556,23.245,True,-0.0004330415490601
SAMTEX.rtz403.2005,0.0860088455854884,-24.34221944444444,22.880830555555555,True,0.4601484414404387
SAMTEX.rtz407.2005,0.0594293900801759,-24.57656111111111,22.259441666666667,True,0.3721897522418696
SAMTEX.rtz409.2005,0.153920157633925,-24.57158888888889,21.90647222222222,True,0.5009135032850819
SAMTEX.rtz411.2005,0.1208928053518497,-24.212777777777777,21.8475,True,0.5631999274968703
SAMTEX.rtz413.2005,0.0672784445420552,-23.939061111111112,21.6325,True,0.4927697603737169
SAMTEX.rtz414.2005,0.0600276469865523,-23.843330555555553,21.465555555555554,True,0.554137004523409
SAMTEX.rtz415.2005,0.0767556786770825,-23.786311111111115,21.277305555555554,True,0.5037486050587808
SAMTEX.rtz416.2005,0.0447685621032742,-23.71545,21.102777777777774,True,0.5428034740878568
SAMTEX.rtz417.2005,0.0779792326134112,-23.630477777777777,20.926194444444445,True,0.5749676187525034
SAMTEX.rtz418.2005,0.0981763053462441,-23.531941666666665,20.765,True,0.5880010096636317
SAMTEX.rtz419.2005,0.0605467196640446,-23.55072777777778,20.568608333333337,True,0.6208577137990179
SAMTEX.rtz420.2005,0.0838200683674518,-23.434644444444444,20.418972222222223,True,0.5270497327599439
SAMTEX.rtz424.2005,0.0921117093019792,-22.761311111111112,20.217858333333332,True,-0.0872648355887934
SAMTEX.rtzf01.2005,0.1723773302620589,-23.96631111111111,21.72675,True,0.5565206849420505
SAMTEX.rtzfb1.2005,0.1856449632301926,-24.448608333333333,22.441388888888888,True,0.3226503412277751
SAMTEX.san001.2008,0.1436636640314857,-23.317616666666662,24.43797222222222,True,0.3743673013707026
SAMTEX.san002.2008,0.0436892061913234,-23.142588888888888,24.283969444444445,True,0.4897278069330963
SAMTEX.san003.2008,0.0481891980999443,-22.969838888888887,24.174719444444445,True,0.5302823150860387
SAMTEX.san006.2008,0.0393133720052728,-22.48900555555556,24.169469444444445,True,0.6510778727132388
SAMTEX.san007.2008,0.0471813950309346,-22.313144444444447,24.17230277777778,True,0.651763937241485
SAMTEX.san008.2008,0.0392689171226982,-22.12839444444445,24.176858333333335,True,0.5080288511856728
SAMTEX.san009.2008,0.0658599807807697,-22.021838888888887,24.045580555555556,True,0.4583319303305074
SAMTEX.san010.2008,0.0785001332731715,-21.84683888888889,23.990886111111113,True,0.5966331902344234
SAMTEX.san011.2008,0.0760339767712657,-21.6532,24.065830555555557,True,0.6554876231208022
SAMTEX.san012.2008,0.1012089843324342,-21.460366666666665,24.14474722222222,True,0.6423785408688163
SAMTEX.san014.2008,0.1696876788519142,-21.097366666666662,24.181941666666667,True,0.634624529900797
SAMTEX.sso102.2005,0.1516107153639045,-22.87166388888889,27.781941666666665,True,-0.3563057716397739
SAMTEX.sso106.2005,0.0756808170196482,-22.645275,27.12,True,-0.2864907946542361
SAMTEX.sso107.2005,0.0459262792887033,-22.524444444444445,26.963886111111112,True,-0.2436850872472876
SAMTEX.sso108.2005,0.0556283167563984,-22.433330555555557,26.835830555555553,True,-0.1464651770477347
SAMTEX.sso109.2005,0.0783580969358983,-22.28721944444445,26.777219444444444,True,-0.0742136117861697
SAMTEX.sso110.2005,0.1198878670127654,-22.183888888888887,26.646666666666665,True,0.0803305839246433
SAMTEX.sso113.2005,0.1854569422407749,-21.815833333333337,26.279441666666667,True,0.2293573520260647
SAMTEX.sso115.2005,0.1539782049372224,-21.739719444444447,25.924997222222224,True,-0.1110889090492333
SAMTEX.sso117.2005,0.1727691033137512,-21.548055555555557,25.657497222222226,True,0.1566814050884357
SAMTEX.sso118.2005,0.1955669150902156,-21.410830555555552,25.53388888888889,True,0.1668554364693907
SAMTEX.win003.2006,0.1745537606932617,-20.256922222222222,23.140775,True,0.2837570201428526
SAMTEX.win004.2006,0.145773288768262,-20.34564444444444,22.965497222222226,True,0.1931428178676586
SAMTEX.win013.2006,0.1523836531628943,-21.571727777777777,21.822441666666663,True,-0.3125557121438505
SAMTEX.win016.2006,0.1228336277136098,-22.126672222222226,20.77813611111111,True,-0.2442483225763582
SAMTEX.win018.2006,0.1256445325248164,-22.119366666666668,21.162191666666665,True,-0.1548610972147112
SAMTEX.win020.2006,0.1225204416622561,-22.1782,20.377358333333333,True,-0.3462094455804306
SAMTEX.win024.2006,0.1239166975724632,-22.31064444444445,19.69088888888889,True,-0.4487597927193002
SAMTEX.win037.2006,0.1746674675075172,-22.53183888888889,17.201666666666664,True,-0.3646494290284245
SAMTEX.win038.2006,0.1911764721975262,-22.562116666666668,16.998608333333333,True,-0.6092344364950308
SAMTEX.wita16.2004,0.1511578929022075,-27.060755555555556,26.830083333333334,True,0.9592049928130748
SAMTEX.wita18.2004,0.1733514435584464,-27.05908888888889,26.886475,True,1.2837780485687602
SAMTEX.wita34.2004,0.1835993827675737,-27.038533333333337,27.413974999999997,True,0.8176309846901104
SAMTEX.wita38.2005,0.1381084152073654,-27.029644444444443,27.54814166666667,True,0.3538516862170499
SAMTEX.wita39.2005,0.1997729670150925,-27.028255555555553,27.58036388888889,True,0.4918715732503081
SAMTEX.wita40.2005,0.1026097085994206,-27.02242222222222,27.60814166666667,True,0.4162525731574615
SAMTEX.wita42.2005,0.0919434092897888,-27.019366666666667,27.677583333333335,True,0.9164817489211032
SAMTEX.wita46.2005,0.1912449858745394,-27.00297777777778,27.81980555555555,True,0.831037058408853
SAMTEX.wita48.2005,0.1391218844230191,-26.98742222222222,27.880916666666668,True,0.9879232811188892
SAMTEX.zim101.2005,0.0737079364243744,-22.46545,27.19,True,-0.2589759139222976
SAMTEX.zim102.2005,0.1588916903497698,-22.24295,27.256666666666668,True,-0.3803776666828668
SAMTEX.zim103.2005,0.1811856121014884,-22.11933888888889,27.276666666666667,True,-0.3733241187149336
SAMTEX.zim104.2005,0.073419558814052,-21.934338888888888,27.325,True,-0.4584165503881194
SAMTEX.zim108.2005,0.1636407123014605,-21.24545,27.506108333333337,True,-0.2115397289182052
SAMTEX.zim109.2005,0.1212676885092242,-21.04961666666667,27.383888888888887,True,-0.2729336889953785
SAMTEX.zim119.2005,0.1086564994512211,-19.884061111111112,26.139719444444445,True,0.7187842778331797
SAMTEX.zim120.2005,0.08920995622601,-19.68656111111111,26.043330555555556,True,0.7659929401869919
SAMTEX.zim122.2005,0.1827690409850467,-19.382672222222222,25.885555555555555,True,0.235883863276966
SAMTEX.zim125.2005,0.1787884544377561,-18.89545,25.624441666666662,True,-0.4770801897870526
SAMTEX.zim126.2005,0.1411689947358505,-18.728783333333332,25.60194166666667,True,-0.5798865512831327
SAMTEX.zim127.2005,0.1229501562772323,-18.558783333333334,25.618055555555557,True,-0.4870592532011303
SAMTEX.zim128.2005,0.1132391944761656,-18.41933888888889,25.524441666666664,True,-0.3803162800571699
SAMTEX.zim130.2005,0.1144831205972998,-18.085727777777777,25.295,True,-0.3112511129545911
